amount,time_since_last_transaction,avg_amount_1d,transaction_frequency_7d,avg_amount_7d,merchant_risk_score,card_usage_frequency,is_foreign,is_high_risk_category,device_match,ip_risk_score,hour_of_day,is_fraud
1056.0946360074468,6.992305807201401,108.3296062634256,1.291702547549889,155.12240938735613,0.0,1.9077256500234059,0.0,1.0,0.0,0.0,17.349115955911174,Legitimate
1939.261949338742,11.222035676977153,684.8867185575281,4.091506262188449,195.58823784655016,36.72795505237828,0.0,1.0,0.0,1.0,0.0,10.475618401649267,Legitimate
1399.9886584832288,3.415766322183575,933.5965309594696,5.823476744276714,386.6743902141654,0.0,7.125623259635418,0.0,1.0,1.0,0.0,16.873695630736123,Legitimate
1405.4219989641038,0.8410648788849061,332.3963733702907,7.273633602780041,275.4424180027449,0.0,0.0,1.0,1.0,1.0,81.26902034260458,19.118162548708483,Legitimate
3006.013528132254,11.842534160314663,205.0111546236938,7.861653625153606,297.28319012738484,6.988770528668951,1.3480193056303582,0.0,1.0,0.0,0.0,20.91783004304066,Legitimate
456.94446863421683,2.9327496526031456,128.6125777356454,4.824628552015277,488.24622862761834,40.72004106020106,0.0,1.0,1.0,0.0,0.0,17.54857666105412,Legitimate
842.7654854088062,12.08682010835303,483.11760930117293,2.6744494944329293,160.36496056057663,24.846697672681383,0.0,1.0,1.0,0.0,85.04093689873424,22.981525101816615,Legitimate
724.9457516652916,25.115395968701428,479.72469220888263,0.9744915528830891,513.8201776844186,38.45271678983853,0.0,0.0,0.0,1.0,8.257635521124683,7.297783220792739,Legitimate
486.60797657951116,4.889272396390289,271.8484837386902,4.309027739857623,103.93417966178632,0.0,0.0,1.0,0.0,1.0,0.0,8.281933064995181,Legitimate
135.13790296526582,3.551216554904988,707.4122410179372,2.4211659773989647,560.5808300739814,88.49441968056658,0.0,1.0,0.0,1.0,40.623516829012786,7.415902141255344,Legitimate
434.8843607515798,18.61950134874047,556.1605827349061,2.9896217407723427,743.2168156050482,0.0,0.6465980840048866,1.0,0.0,1.0,97.09132053574058,8.310191995796458,Legitimate
1787.2099020033597,5.663065387335868,222.44313183614383,2.902951136358988,251.1319522641589,0.0,2.2994927688241478,1.0,1.0,0.0,64.03042887373758,12.653355934006242,Legitimate
1717.6245811207637,1.715095481948434,695.4702991404597,1.3793993977098022,473.22085034983127,52.14277635022031,0.0,0.0,0.0,1.0,46.464727440574144,4.734687855293156,Legitimate
1240.5403188626226,5.342402719629264,575.4554818125348,8.042614027630588,450.33799012881457,0.0,0.0,1.0,0.0,1.0,0.0,11.72635795280199,Legitimate
465.38945683491374,18.672242043123152,1121.617165239732,8.820643746632957,26.357201728289397,85.85810448849799,0.0,1.0,0.0,1.0,93.7751931868078,23.57812842174748,Legitimate
1435.7297723745714,9.399808180928202,305.22860270842324,11.25688222408741,1175.7964709152516,83.5150035508607,0.0,1.0,0.0,1.0,0.0,4.907658124851054,Legitimate
439.891001204631,3.961994003841797,404.1782162087063,11.310212166606554,857.4494353961089,0.0,0.0,1.0,1.0,1.0,8.727314489589503,15.645531514162272,Legitimate
2148.848933730373,6.86336846934825,78.29922577148125,4.58577175649517,203.03836601167478,0.0,5.731287098521385,0.0,1.0,1.0,0.0,14.990170853567065,Legitimate
270.0720697345239,3.392369672596214,321.27667681656055,8.984011724622947,692.331210433751,0.0,0.0,1.0,0.0,1.0,6.243049087175329,18.423789594491154,Legitimate
920.0249546311164,4.741810570781488,594.6016517371177,7.051027243486294,1228.4433630830479,32.65600173728484,4.413367748071224,1.0,0.0,1.0,0.0,6.349480444689779,Legitimate
932.8179490816061,2.9598790484296194,696.4818763089136,6.219640676675688,142.27456675498792,64.56430720660731,0.0,0.0,0.0,1.0,100.0,11.789939966195384,Legitimate
1130.319229927885,15.573768174035763,760.1898629425593,1.823900512017289,165.22974127586093,14.009771100062437,0.0,0.0,0.0,1.0,19.752951500605032,17.57536857346206,Legitimate
1110.5748075109952,0.9573583386656328,203.33755518503295,0.49746843456148415,13.433761605259406,2.2667888171137847,2.853401913124591,1.0,1.0,0.0,0.0,18.679176662256957,Legitimate
378.7707893228265,6.9331074558916805,627.1707546492603,6.931482697107301,776.3049596714784,0.0,4.6861930540952095,1.0,0.0,1.0,0.0,17.09515821208916,Legitimate
1112.7722400548546,3.2087651118457714,417.71951518866297,9.484220108939061,456.17156255391376,0.0,0.0,1.0,1.0,1.0,0.0,13.02246868688033,Legitimate
503.33981870107914,10.065957152776999,1141.0678701800655,3.185825287881798,432.4370350200565,0.0,5.603106452703245,1.0,1.0,1.0,0.0,20.519344773057618,Legitimate
1557.5544448728288,0.8481967465974273,1255.0553399652053,3.4988276235923585,693.0149141367826,100.0,0.0,1.0,1.0,0.0,0.0,13.93858472424127,Legitimate
1529.1802891232737,3.963955201764545,415.51739666874454,3.9840923133436625,669.8425599511743,0.0,0.0,1.0,0.0,1.0,46.118274627455946,7.572890097655737,Legitimate
3530.4999568020926,3.0616585785550985,867.2990641514979,8.91546667148933,487.97117330560695,40.167496787777274,0.0,0.0,1.0,0.0,1.046739477623916,21.500308449216803,Legitimate
2924.7489422697167,11.371787758025603,53.585201340960225,7.186606394829131,544.3369038488785,0.0,0.0,0.0,1.0,1.0,0.0,14.901361666336499,Legitimate
766.0899062372354,7.790298676301294,55.212874626221264,5.331658837604154,5.425147764497751,0.8105726139942107,0.0,1.0,1.0,0.0,56.42433089696238,3.4195712286892856,Legitimate
1782.1887937466336,1.3470746810280447,440.74563914254384,7.633054656759199,443.8359606911141,0.0,0.9361037960756811,1.0,1.0,1.0,0.0,9.528214928609223,Legitimate
615.4051572835751,13.747840989702292,342.4498319906571,0.5156625411683038,416.3651088235834,0.0,3.335635053165803,1.0,0.0,1.0,80.2280364771472,8.571082479614681,Legitimate
1106.0844237312058,3.2046254975964383,512.3817690479013,1.8723979970397924,916.3258837128676,40.35523223003648,0.7644571129490845,1.0,0.0,1.0,61.70076528521765,7.5371632289914565,Legitimate
176.6833622086433,1.126576887506457,928.2942209431753,6.709727322088304,368.533296858915,0.0,0.0,1.0,1.0,1.0,9.523005523628456,14.212019169315084,Legitimate
903.5257587296855,12.34845713669091,978.7773595109422,11.077540960522597,615.236727815106,0.0,1.239623018340665,1.0,1.0,0.0,0.0,18.563277415977325,Legitimate
1552.9869984450472,2.2163488657080457,642.9434836283962,10.082119661532527,1160.6834279856967,17.780496043556468,0.0,1.0,1.0,1.0,71.57301972191584,21.671884875430166,Legitimate
894.184368939756,3.1520292616347896,380.923532478071,5.04474628202387,628.655854169152,0.0,0.0,1.0,1.0,0.0,51.41244819215501,16.23467048883405,Legitimate
979.0473449894519,17.485759140585337,304.63404279590577,0.7629164829611836,313.6987461816324,2.3856727852661024,3.0046553419261253,1.0,0.0,1.0,18.09344313200714,5.359391526779088,Legitimate
344.73044529649036,2.5069241602275225,94.0129238532619,0.8851391179519661,1108.7738263038423,100.0,0.0,1.0,0.0,1.0,49.2677986960929,2.8008190223594838,Legitimate
1505.8208704880342,19.0206964854644,124.94465561952165,2.931484541063838,330.20912365819663,10.4737303282229,2.254058148475107,1.0,0.0,1.0,100.0,4.235867734407066,Legitimate
1565.042687070476,16.289382256435758,303.9474032145346,7.769006969297059,542.4237108688465,1.659607245396458,0.0,0.0,1.0,1.0,0.0,11.377290288879832,Legitimate
1775.506591151189,12.045945793683899,591.2690484413379,5.813991407551702,943.6708845271867,25.47325899607947,8.864510732057832,1.0,0.0,1.0,86.60525491337847,6.474758019722624,Fraud
1627.9693661094807,4.3906855589016995,622.433386946364,6.280945622716066,264.2240065346838,96.31380390249967,0.0,1.0,1.0,0.0,0.0,8.37885452206446,Legitimate
1467.1370914404274,23.380114042063298,382.01504247695004,4.526483320275635,528.468111811693,0.0,0.7910753437154532,0.0,1.0,1.0,0.0,13.574076168708567,Legitimate
753.6670611235553,7.61429754425584,312.7338703063583,1.6388231939057007,1029.2142614133984,44.61060002313964,0.0,1.0,0.0,1.0,100.0,1.4164506944323412,Legitimate
2157.3777993877056,0.5037189667299681,817.765099916449,2.066114110783043,308.83237508241416,0.5506167035191538,0.0,0.0,0.0,1.0,38.58116715977921,3.040558424106571,Legitimate
802.8768576639557,4.334728316423723,245.71887336215948,6.293515976580174,1078.048914482749,13.256685431153606,5.751272315601815,1.0,0.0,1.0,57.77598958557366,10.002251776714965,Legitimate
2409.1794398908673,0.7541774261246036,12.464033292883869,6.638013501478064,300.78959366127793,0.0,9.534509148355259,0.0,0.0,1.0,41.732407564903475,17.369719121873516,Fraud
1831.9526218336143,17.21175825289724,41.92924170932832,5.4501412924048775,33.33845989768719,0.0,0.0,1.0,0.0,1.0,45.4499808132541,14.678822375634766,Legitimate
453.58371079720723,32.750106339134554,91.03645320726685,2.0778072678603,373.1500680355649,0.0,10.0,1.0,0.0,1.0,0.0,0.25297355120526976,Legitimate
688.2998501905637,22.612910267501366,48.90477976391702,2.633228621693387,386.972418352139,0.0,0.0,1.0,1.0,1.0,0.0,14.51953193428885,Legitimate
3112.813573406461,8.905221776454686,682.9546689574138,1.8363873517020757,227.6285958036225,13.287910147206972,0.0,1.0,1.0,0.0,0.0,22.27011319360961,Legitimate
1324.9308350506158,5.841314848188115,806.9331730703902,10.394513962560179,57.40762244729743,97.45876179788814,0.0,1.0,0.0,1.0,100.0,6.855221525273901,Legitimate
342.1041570196249,8.685098671195048,477.84745366049754,4.58243118196639,953.2567076554449,96.24613379661662,3.0189232289074024,1.0,0.0,1.0,0.0,18.608315808153396,Legitimate
2428.0434087258095,0.17455465252655833,172.05140809120678,8.841416372895647,78.97898973390045,61.087075494197066,0.0,0.0,0.0,1.0,51.476440809736786,1.0177415636050169,Legitimate
2119.985155275638,12.534576132251246,511.22520613883046,3.501790686683531,721.035751066533,0.0,0.0,1.0,0.0,1.0,100.0,6.641966787818426,Legitimate
1268.73623523497,0.28078774047990596,552.1139695642038,2.8432637967334653,552.7816782042713,2.608654470120385,1.6640544918780682,1.0,0.0,1.0,0.0,20.609939492422676,Legitimate
434.64925214753964,11.248370601157019,1132.722759945827,1.8754599287192502,526.0177629628406,0.0,7.431217284446559,1.0,0.0,1.0,0.0,8.446070109334467,Legitimate
2150.0569965379927,2.0522838255581015,86.5782795163866,10.372088733083178,87.45478162449325,84.12723521141001,0.5259944500362836,1.0,0.0,1.0,40.41965448257873,11.689147630024586,Legitimate
1172.5515458736731,10.130295116228378,343.61187496785067,3.0319675390937224,509.03194617310976,0.0,0.0,1.0,0.0,1.0,68.86990824558437,19.493142899926653,Legitimate
1701.148064872063,12.714111821740754,123.64632251507669,0.8871884097259617,209.40130082596585,28.786051655665023,0.0,1.0,0.0,1.0,0.0,16.90059099150623,Legitimate
212.63527955755958,9.104407105668228,1553.5592616030115,9.338799786758225,367.9283241788215,0.0,2.438054974610603,1.0,1.0,0.0,100.0,4.587218892148151,Legitimate
1358.0405865043333,22.155446162047646,778.3679194179679,2.518758183037882,40.707075843470136,17.1474486181287,0.0,1.0,1.0,0.0,0.0,5.544847696860934,Legitimate
249.58971296721978,7.658099800587114,482.7391000843445,14.818660735390374,1296.3563498002118,23.607644161763382,0.0464115439522228,1.0,0.0,1.0,0.0,23.688364066702086,Legitimate
799.260373494224,5.975257016344556,1474.1221625673884,1.338003352519217,611.4006987705,24.03543978067766,4.696502360601246,1.0,1.0,0.0,69.06135768271017,16.735203520779937,Legitimate
841.3892802341974,1.9998289855677933,14.583455372966569,2.9679584684016413,95.27721203315309,10.982005935593087,0.0,1.0,1.0,0.0,77.53202275904958,3.1834971691884135,Legitimate
1771.493122093029,9.370668751020313,205.4548887342994,13.225259441908738,783.0680951906229,0.0,4.320398214329517,0.0,0.0,1.0,0.0,7.799928308711227,Legitimate
1799.2435534314154,4.6689061694079985,186.85428890619067,7.318157481875144,179.334047937254,11.296519768632784,0.0,0.0,0.0,1.0,57.13688547349235,5.0686859599735605,Legitimate
3438.3423909422927,0.9791373760864185,50.49372230784945,9.457957779018574,534.4017227899564,14.256626124170644,0.0,1.0,1.0,0.0,0.0,21.71236441481111,Legitimate
1104.1624095145798,0.9667612114023226,338.03374952389083,4.841833934251712,1129.227158169831,29.1155414686926,4.9755385940541785,1.0,0.0,1.0,88.2900592933712,16.137430424607768,Legitimate
255.09610067135912,5.973647655374826,256.16301286050043,9.236864324411574,750.0292826605944,0.0,0.0,1.0,0.0,1.0,31.988723435080658,13.022287078495985,Legitimate
609.6291121176972,3.7294052043013655,1424.1753146337132,1.6344248391719374,120.37008067251227,0.0,8.560419683444167,1.0,1.0,0.0,0.0,20.496790808225477,Legitimate
2220.747687459172,4.6630397744491265,256.4783833001337,2.8099841757520188,366.48334148252854,0.0,0.0,0.0,0.0,1.0,100.0,16.660043436534973,Legitimate
946.8279771188038,2.9409847380563336,635.4182579169774,14.340712075851293,424.6232110018527,96.06607350728555,1.2861218795054323,1.0,0.0,1.0,0.0,6.071460696349249,Legitimate
2102.448716064355,14.46932069802858,470.4007127956987,3.92546355968358,489.4119161232935,9.89455858360239,0.6614064983106167,0.0,0.0,1.0,0.0,0.20637873803610418,Legitimate
1088.993356235625,30.99670522783271,564.3264739771084,5.130547014586337,709.7888467569886,100.0,1.242028103180631,1.0,0.0,1.0,0.0,8.534314834136799,Legitimate
1357.2776522191257,10.691442639359137,113.28125406617005,5.320010182464362,1385.1449106742598,48.01108912731185,1.9404372460899004,1.0,0.0,1.0,100.0,0.6752919247937905,Legitimate
2500.0073217699214,17.170619484420488,516.1651163977873,9.033569569014173,545.5561358096279,0.0,0.0,0.0,1.0,0.0,65.42388526376945,7.5167671063111,Legitimate
1659.4419254480542,15.235253122290391,183.2238134470316,4.8603921927046265,124.90261241881748,0.0,0.0,1.0,1.0,1.0,18.970076327598047,4.965063204712237,Legitimate
327.80148776779913,3.24258796035197,1639.1215352911377,4.6755227650848745,636.9075119127984,78.7734619100289,0.0,1.0,0.0,1.0,46.597410667622995,0.13025615744458552,Legitimate
1460.8978422032433,10.338053760086243,155.63214102473603,7.4278908840786615,125.70663175482946,20.913206833251497,0.0,1.0,0.0,1.0,78.73821579455861,4.166542058548785,Legitimate
2413.1056276140052,11.868812295940714,350.7968640380782,10.777632994349517,283.903922765237,0.0,0.0,0.0,0.0,1.0,100.0,10.149839027616228,Legitimate
730.0369991692564,19.508518023679294,635.5535174485165,6.730843985093854,147.7271829994644,0.0,7.060410213761623,1.0,0.0,1.0,0.0,5.602526353596803,Legitimate
11.173318651922642,5.106986135097646,1070.431607805373,5.3404881266173465,6.20614797861964,0.0,4.608241387772913,1.0,1.0,0.0,0.0,19.142317631995695,Legitimate
1999.2446269503928,12.365203363466719,837.7549988398928,5.408756145193749,1214.9392215521236,0.0,1.8459069068153364,0.0,1.0,0.0,0.0,14.670561706684921,Legitimate
312.72921630108203,1.7233015672456595,180.02732720880056,9.850573719581174,551.0718941625901,0.0,0.0,1.0,1.0,0.0,20.493885570606896,13.310025795512516,Legitimate
306.2254919888413,4.319993781708099,688.9416337916172,12.972115678418248,841.4376871116663,0.0,2.5365521469075984,1.0,1.0,0.0,0.0,18.046952180792175,Legitimate
317.73950187329325,8.469465017699129,573.2546004792215,7.957209074615255,1448.8981300380428,16.22396293981616,1.689598631069221,1.0,0.0,1.0,100.0,10.464294163400726,Legitimate
1075.9319098372162,18.57928760058249,985.4024262686014,2.042410233383026,258.61171682905155,15.792651412640268,0.0,0.0,0.0,1.0,77.56833566354258,0.4234243279245522,Legitimate
593.1312685642328,8.419937797616008,566.3939075385324,5.320974786399134,525.3340704760857,44.02381835466892,7.562314249722307,1.0,0.0,1.0,56.21528836127343,16.823411026287683,Legitimate
920.3824518668126,10.573978577438973,814.9904201737672,8.544271428155554,145.33001994628373,0.0,6.425047960843499,0.0,1.0,1.0,0.0,6.473448509964243,Legitimate
1291.926219293589,5.384614606225419,996.4648846477639,3.6999824179699523,365.5546459038717,0.0,0.0,1.0,1.0,0.0,0.0,6.916664309975815,Legitimate
1403.2501589141086,7.061285491093264,1095.373058012624,0.15202459060474816,272.93850204886803,4.712169041523261,1.6367624381388428,0.0,1.0,1.0,31.074751597886376,8.192247000723325,Fraud
1710.2409735463,0.8812384100669466,1294.2536471768144,5.692654339436381,136.24046231182626,95.4791170089599,0.0,1.0,0.0,0.0,71.30207219287485,10.205706887408363,Legitimate
303.6811658829925,4.997204994197924,448.665695717036,12.752591159897314,841.1683540506757,74.80755911104828,5.582692159977642,1.0,0.0,1.0,100.0,22.888075855182706,Fraud
1554.1622373561972,0.6813911378735642,615.0505867349316,11.126332709008942,425.0359701282577,0.0,0.0,1.0,1.0,1.0,1.9487965776232912,21.163373817321315,Legitimate
35.4312111694953,6.9138461517822165,843.7821759970684,2.4214658770327446,313.84680284097476,19.87770273308812,1.041604917101617,1.0,0.0,1.0,22.914582284437863,12.57983379878235,Legitimate
2025.6795010036367,12.866258101035283,195.00768924072833,3.4965222496909587,605.6567695492155,31.642165109535597,4.209973725492168,1.0,0.0,1.0,38.66369217872806,9.581911013072206,Legitimate
2804.5182691332466,12.279373473853305,494.16982205559225,4.751056798868261,143.10794012258205,69.95925277696759,0.0,1.0,0.0,1.0,0.0,3.9387814674760406,Legitimate
985.6981089226919,10.237763016208163,298.281150689321,1.3470627640578225,37.14538000645683,61.55900898944117,0.0,1.0,1.0,0.0,0.0,9.771252626817423,Legitimate
379.4140356019767,11.537327907242856,77.43569458669998,4.629117814222713,299.1605932812024,0.0,2.066923607850583,1.0,1.0,1.0,0.0,11.762916576827372,Legitimate
1163.417468904441,1.5968518748829972,715.0328435876592,3.428344794958484,1470.210286629377,15.374752217987918,8.915860573036761,1.0,0.0,1.0,100.0,13.943289417067234,Legitimate
1211.0320774865493,10.91946171289575,951.7194312439019,1.2946809490196856,348.46719449607065,0.0,2.0654834875165946,1.0,0.0,1.0,0.0,6.651001208878839,Legitimate
1356.4076562187256,6.622501856957386,34.84715107277748,5.590347431681547,138.33388940534235,50.57169006325396,1.0924452240566471,0.0,0.0,0.0,0.0,3.6717497739208262,Legitimate
1049.745591764185,4.971548283534394,352.84749506989937,0.6980805956498584,280.2240569431595,0.0,0.0,1.0,0.0,1.0,19.982936844594366,0.11242397284987149,Legitimate
2351.742409642903,21.910740725646644,332.45026060038276,7.400548898241439,800.164610113023,0.0,0.0,1.0,1.0,1.0,35.46486344217921,6.80273637296348,Legitimate
1834.222791753517,7.06904779137597,760.7512627849262,11.969847263784368,608.6807264382657,56.44309128846936,0.0,0.0,0.0,1.0,0.0,10.955524667988108,Legitimate
927.7893754527679,7.873225056465234,564.7698196030235,5.953259885602479,527.7315847181212,8.137761485478066,4.165042625846395,1.0,1.0,0.0,0.0,3.5653601920456666,Legitimate
1140.1834499498755,2.2914683449911255,477.62720762200837,5.091020745267514,517.7040449602686,0.0,1.9033088188476022,1.0,1.0,0.0,28.48852967137649,14.130501946738264,Legitimate
2000.8950146905315,8.845030730600199,239.70291115977358,1.1357910115568517,1079.219205550459,97.86240288047287,5.9640458655784325,0.0,0.0,1.0,0.0,6.43099242631634,Legitimate
3320.965667638277,4.06242448869528,191.5845614388645,10.848003645610959,518.4190977678018,100.0,0.0,0.0,0.0,1.0,0.0,5.538792646555733,Legitimate
905.3901435653099,25.94310184774111,1068.7695065753173,0.1375250982698395,395.63084690996067,0.0,3.710258762649298,1.0,1.0,0.0,100.0,5.066496995671763,Legitimate
2546.609566317055,7.766460283941474,471.9328585202076,8.074553978443433,414.2671432887331,64.13149696549515,2.70249375321204,1.0,0.0,1.0,100.0,1.6940479906370989,Legitimate
1539.3110902173476,5.338549293920343,173.06004317394985,4.105406322459871,92.75752778961845,0.0,0.0,0.0,1.0,1.0,0.0,17.550776360636377,Legitimate
47.77546558556631,16.49783686240802,140.7597401200543,11.22485491097557,496.16058385488145,0.0,5.568677103876091,1.0,1.0,0.0,0.0,6.658733229435327,Legitimate
2165.1350719361376,3.219843664592515,554.4018548527041,2.5342881850012104,477.83656921831766,76.5191080033203,0.0,1.0,0.0,1.0,40.763318534372274,0.03246867111110863,Legitimate
655.2287037959702,1.6109037726167341,187.18570214762394,2.5036743874999785,522.6315732611849,0.0,1.9769724705242864,1.0,1.0,0.0,0.0,5.816167982203169,Legitimate
1037.748497077485,0.5694045872479299,331.83082318274364,3.1131417109635784,721.0855408749437,59.17362092440879,0.0,1.0,0.0,1.0,31.995304663048742,9.969648585215905,Legitimate
1850.369681937298,9.811037139497357,84.84973400789619,0.291550146966185,211.28692159432606,0.0,0.0,1.0,0.0,1.0,5.642510942391013,12.753684256715744,Legitimate
1254.3933845402441,3.822272385661518,159.7520281624969,12.474491388930034,1460.6206925986426,0.0,7.354400849553258,1.0,0.0,1.0,37.11350871055985,20.00122985050813,Legitimate
1469.3082694847021,25.735242436981398,346.4498971560866,1.4587162734600554,238.81374711585204,0.0,3.2613490780651455,1.0,1.0,0.0,0.0,1.3279879492472517,Legitimate
940.48025869562,15.436977609924138,542.6943050674791,8.918190634027834,214.44297983230666,0.0,0.0,1.0,1.0,0.0,0.0,23.357103610782076,Legitimate
2408.0057648654947,4.7186233803100786,58.5173007766121,9.326803522517649,954.9330585752866,0.0,0.0,0.0,1.0,0.0,0.0,23.203477839505148,Legitimate
1752.3071185757942,8.932446283671284,372.27989292239545,6.145644132110481,444.03875222714305,30.054402210929325,0.0,1.0,1.0,0.0,0.0,9.191467870443176,Legitimate
1374.6516427887943,9.695035058459894,459.6471738914363,1.8237472007473787,289.78363466069123,0.0,6.042505968136643,1.0,1.0,1.0,0.0,1.4293552642259328,Legitimate
1563.7909496424531,3.131117685738916,564.9159581440161,16.28720340845451,80.93555650665948,32.56839990385548,4.103754831197957,0.0,1.0,0.0,100.0,20.82679173478678,Fraud
3393.388472889388,13.453812476277209,445.7976035626084,6.900070418003144,848.0204452502085,15.22188746401217,0.0,0.0,1.0,0.0,0.0,0.4571285735405439,Legitimate
2193.932940230231,30.1471170930221,813.2973999979477,2.916557237616653,140.0278487541814,67.80482785167214,0.0,1.0,0.0,1.0,2.211492844504143,12.22719281045907,Legitimate
441.02817754119985,15.329333705355575,516.353878134384,5.361787524334889,838.93884791409,0.0,0.8678583998945357,1.0,1.0,0.0,0.0,8.663362056354948,Legitimate
2223.3294481042353,1.6512292222183975,86.74241437697219,0.3841450294811164,63.90368323653408,0.0,0.0,0.0,0.0,1.0,0.0,5.910751393101002,Legitimate
1231.7197268959703,11.638577177598247,1415.8111423291932,11.752520564021168,786.2519060398769,0.0,0.0,1.0,0.0,1.0,0.0,19.359418833632056,Legitimate
899.1564518248534,5.021161798640451,3.624929227980772,6.887935936059769,762.3873659772238,0.0,6.4409588893044845,1.0,0.0,1.0,0.0,4.068912868998275,Legitimate
2062.6106401340166,29.04464396577087,795.707754643193,4.767288192314032,65.98585697270764,0.0,0.0,1.0,1.0,0.0,0.0,12.575615705125244,Legitimate
2544.547062855754,10.465373464856016,85.54178299689721,2.7942499052294254,141.59328230981737,0.0,2.063462428854557,0.0,1.0,1.0,2.0507491654495027,0.9768752348653109,Legitimate
3537.240805884768,8.98617839598647,184.1815460270111,3.1882689153797656,458.5610937261761,8.898814660176903,0.0,0.0,0.0,1.0,2.6960333753856816,15.938533956466477,Legitimate
118.73638372345155,4.910660434453565,994.3272396832592,2.8173828533037786,186.61181661962607,89.00527149397524,0.6057952661993431,1.0,0.0,1.0,28.127932190265735,20.28676724961481,Legitimate
1596.9305763849854,8.123618942875218,356.51518174381863,0.6330128951154776,1043.621403945085,0.0,0.0,0.0,1.0,0.0,0.0,21.472853538213776,Legitimate
1383.7487455801572,6.528238755197853,941.0568860377533,6.369923301913394,431.882500746064,0.0,0.0,1.0,1.0,0.0,0.0,5.355120175475513,Legitimate
1662.3783545850213,4.221085934899057,1278.4409182733461,2.3597619428994463,132.5525284611288,0.0,2.7595751050238566,0.0,1.0,0.0,0.0,14.454751259807207,Legitimate
397.1635663860637,5.967586463018494,511.82698900608364,0.6392042841977297,447.02138270993737,0.0,4.301435355778245,1.0,0.0,1.0,36.87954400915191,0.016374978401282547,Legitimate
720.4877304671792,14.498535197733496,213.0611843805881,13.409557679470502,816.6833391632895,0.0,0.0,1.0,1.0,1.0,0.0,0.27058611426419077,Legitimate
1001.7717238641309,10.338907890683908,1233.5358175216575,6.694728125042097,307.2879129519962,0.0,6.350994156219668,0.0,1.0,0.0,60.025635895448424,16.614903839138673,Legitimate
2346.3105002357306,13.20925306063301,561.8415086624148,14.318192305384978,874.7212292440815,38.56804078294107,0.0,0.0,1.0,0.0,9.7882326394856,3.72608496858739,Legitimate
2943.2622562449046,0.7890283114456365,269.31389262660525,19.30206221134531,1087.3335950468213,42.17968637311818,0.0,0.0,0.0,1.0,56.69649738272863,20.06323098430653,Legitimate
1219.9302518700686,0.9230539380077397,1278.1536942401372,2.9139827622172474,502.9038301996043,0.0,0.0,1.0,1.0,0.0,0.0,17.291762441705515,Legitimate
1465.1604353626476,3.1085819079481136,289.33760095149466,5.846153119191991,344.3705209681607,35.264406491036624,1.7678489252005334,1.0,1.0,0.0,100.0,17.984432575710926,Legitimate
2791.393553467985,16.30557202247304,527.6312979395088,2.113177623014261,968.3810231485307,100.0,0.0,1.0,0.0,0.0,100.0,16.457423582105037,Legitimate
1241.8550019840184,3.9177652234694254,169.56961888657287,0.5715795979433471,383.78451509973706,100.0,0.0,1.0,0.0,1.0,0.0,3.027116181993864,Legitimate
291.4388610291162,27.688923096276092,203.26366213180336,2.8845140585997058,318.82933918421566,0.0,6.506594909046147,1.0,1.0,0.0,11.355227421251556,1.552434207073393,Legitimate
489.03562265718796,9.39579412355179,49.97288366787535,0.1532042495979251,87.18533802359474,0.0,0.0,1.0,0.0,1.0,14.134670283564667,15.854621996792844,Legitimate
589.1005688997795,3.3913027092789907,1083.3924966016039,5.5265101888243695,567.8600365721076,0.0,0.001235189629128719,1.0,0.0,1.0,0.0,23.674924129169426,Legitimate
500.19909078553167,18.731044246247805,989.0359336485499,8.674881233934162,733.4331413940179,0.0,3.2458729623136744,1.0,1.0,0.0,8.998509604732817,15.301166958815415,Legitimate
741.3494303699645,9.014951068941558,801.6865864736601,5.450092208189927,152.6062667768088,32.954047311060734,3.477631958268587,1.0,0.0,1.0,0.0,5.575421753397737,Legitimate
1108.9880793969742,1.5087187127547017,690.1534212007721,13.034426224162885,1088.3403622148276,0.0,3.7562550958063152,1.0,0.0,1.0,0.0,3.5717890331807425,Legitimate
2179.504832245402,8.8637514063998,925.7386187778493,14.563692012692497,449.97854578343777,23.082828481222972,0.0,1.0,0.0,1.0,34.824714808191274,0.14941306566433532,Legitimate
2763.244794249846,8.757235854998543,1074.222978266862,5.732103566516235,250.4874129743373,0.0,0.0,0.0,1.0,1.0,51.13050453902734,3.86564310654677,Legitimate
1547.5839003967326,10.74964627725818,562.2734010119273,3.380217133863303,320.2130089328264,28.973073199394005,9.65592940733485,0.0,0.0,1.0,0.0,16.65632760568339,Legitimate
2056.054415805872,13.087783120769288,1467.194263954265,1.8175794908971143,102.27201623322173,0.0,0.0,1.0,1.0,1.0,0.0,21.099123497248,Legitimate
134.0988204642742,3.5543192409374935,1183.1194949828662,3.846798241355673,1290.7001718445317,0.0,9.661881427179381,1.0,0.0,1.0,100.0,8.382149372785268,Legitimate
50.193162795137624,8.887731170111511,680.5998718756993,5.799039785435758,605.1569412717681,22.244711350112894,0.0,1.0,1.0,0.0,62.7918784489556,1.7911217956460916,Legitimate
1081.053046891615,21.986928122291648,1159.8178311218594,3.3481379341007624,330.87098277137295,0.0,0.0,1.0,1.0,0.0,0.8301584607932355,4.658217241837267,Legitimate
1922.8417847060632,4.0672746946111396,19.057568897025362,4.960222656689176,848.8864336887975,0.0,7.584235024948686,1.0,1.0,1.0,53.755104336237466,22.034353561078348,Legitimate
525.6518841579475,0.07123612208336721,589.0870423847174,1.4032311693113417,213.83770607935347,35.64265652212805,0.0,1.0,0.0,1.0,19.894325451235552,6.88661567250683,Legitimate
1408.923823917856,10.325568123535973,1281.9500724497664,4.111721885186804,211.05931631608652,84.85335216305964,0.0,1.0,0.0,1.0,39.98092955809977,4.966670082780145,Legitimate
234.0905488921411,21.495532637328093,1416.7422885884907,4.878405064035089,491.4585966308217,0.0,2.3375284788052113,1.0,1.0,1.0,0.0,5.949996428463403,Legitimate
3232.722534273771,1.9848445851506096,59.05168922843285,1.7952264656914387,867.555480428098,0.0,0.0,0.0,1.0,0.0,0.0,13.728090858014056,Legitimate
2420.197476358012,11.435594597655003,770.8228439252962,11.905483341297483,456.91583571869637,6.748225249201873,8.267291055050677,0.0,1.0,0.0,0.0,4.904900489357605,Legitimate
2951.2671613640136,3.5229044416628637,64.11465597921142,1.161636012964359,120.95128785322294,0.0,2.5189736579880124,0.0,1.0,0.0,0.0,4.5686366265726335,Legitimate
2065.3960536238465,1.2613176032384468,983.6556165191078,7.039540822856817,142.13578960584852,15.084157930503459,1.799321822417524,0.0,0.0,1.0,19.72512428688115,8.619030417079083,Legitimate
492.74438731284255,2.905984773431332,202.94218475600775,1.7420899012711688,743.3429800981396,0.0,5.647407884605913,1.0,0.0,1.0,0.0,1.5847609161147158,Legitimate
420.23184280253383,9.165681806443017,1528.635932497005,4.046777726209127,1058.0258225062437,61.25168043141514,5.429873840643583,1.0,0.0,1.0,71.9635877575995,4.083399499067081,Legitimate
1996.7940783489105,13.888770096330141,650.0284127556448,0.2839537369850378,1313.7015939932166,89.6855056459755,6.717290796591666,1.0,0.0,1.0,13.823654527002496,2.810902180699059,Legitimate
1823.981745848285,10.732494009259984,226.5959552136859,12.446555705587896,1251.3954011825062,0.0,0.0,0.0,1.0,0.0,0.0,5.087762698261727,Legitimate
448.872970623316,1.3905031978719873,1102.5478267250146,4.197140176382847,317.5350463961913,0.0,0.0,1.0,1.0,1.0,0.0,22.116456493099896,Legitimate
1810.3044673560676,12.089321397025701,169.25362803593083,9.840678115065126,382.8107731085116,66.898839313379,0.0,1.0,0.0,1.0,0.0,0.2837231655401622,Legitimate
876.510153908142,5.84683281917922,314.88720406682273,6.352044190921484,493.19132946693196,0.0,4.39728058403516,1.0,0.0,1.0,0.0,17.563095375323197,Legitimate
678.7798815072123,1.450806495092439,171.1063053522114,3.6659760276325173,1045.0533417567744,6.571064233311418,3.7464446202160704,1.0,0.0,1.0,90.50479855926045,15.59828396377749,Legitimate
1528.2441728833023,15.882941520549442,825.6375220593443,4.2010321051967185,97.91619322071543,32.17683297737173,0.8654601792418894,1.0,0.0,1.0,0.0,0.45625870270632696,Legitimate
76.50454557091626,6.716981838212592,213.6591799203506,7.808272260266026,681.5467313009359,0.0,4.048759787908937,1.0,1.0,0.0,74.10298297965747,3.8009119473277764,Legitimate
1229.239291897175,0.4278290212432007,747.0901071403975,2.945560484437549,469.71000745430797,0.0,0.0,1.0,1.0,0.0,0.0,18.610687979525657,Legitimate
1533.3670414409792,0.28802694674421553,164.2512645075618,10.064631637037218,495.86450705485004,7.742784824842417,0.0,0.0,0.0,1.0,0.0,14.267347923802781,Legitimate
1896.679829013146,2.230912250598942,1131.2449474384753,3.193429919654689,543.389393766811,0.0,0.0,0.0,1.0,0.0,0.0,8.415832757596,Legitimate
466.37048941463667,2.442109025467519,260.5649758472897,5.917821666927965,557.421304846986,0.0,3.3166469478150145,1.0,0.0,1.0,0.0,21.454583895999388,Legitimate
1146.2586741845332,4.968125071359213,79.50930050672599,0.27341609806220557,385.0982572538728,0.0,5.717649765110151,0.0,1.0,1.0,0.0,19.295199902177544,Legitimate
1455.2196614187926,7.595066614064486,139.40772157427222,0.8279328229356722,59.435243582207136,0.0,2.460560667755551,1.0,1.0,0.0,0.0,13.128643911144763,Legitimate
1840.2796793892921,3.8095283569341287,277.5261847689153,9.932617810930179,865.860802358997,0.0,2.2520534988852554,1.0,1.0,0.0,0.0,13.624369817431411,Legitimate
1802.303009247527,0.37626323845018966,363.24950910001746,7.549229895366816,433.3472141001711,0.0,0.0,1.0,1.0,1.0,9.296029242715498,5.277097521157913,Legitimate
1850.9193538126394,6.75373238803288,1077.6502057608463,8.175119325555565,695.7816156344517,0.0,1.0943087504952131,0.0,1.0,1.0,0.0,15.810833662665992,Legitimate
3224.4591117472,7.332686838041767,345.24961899810273,8.690436912409027,859.5505543197617,66.56315895212481,0.0,0.0,1.0,0.0,0.0,17.167982437904826,Legitimate
912.6368542999917,2.49809899684246,659.3983455794669,9.59939069298805,2031.6689812790385,100.0,4.235511540331097,1.0,0.0,1.0,64.90698658703919,13.526101617821254,Legitimate
773.0462212541235,5.230396329635579,435.98656600838103,9.49857743080499,1335.090965202653,66.2102267705196,4.563020614871052,1.0,0.0,0.0,93.39548932888667,7.760560453617099,Legitimate
284.36583775460537,9.589762435344477,936.4591736666433,0.7640059026753168,457.37877571574074,44.05291276869133,0.0,1.0,0.0,1.0,64.88546243579027,15.351383683327537,Legitimate
569.3373290820858,0.038806166804070605,1311.087459434927,4.090569169341112,15.172224358067808,3.7444085356491215,0.0,1.0,0.0,1.0,95.46391474541262,8.972607270130887,Legitimate
2375.8563735236016,9.264818751052164,614.3315140683596,4.360988632137365,260.81943261836585,16.024945998980684,0.0,1.0,0.0,1.0,0.0,11.828774261972669,Legitimate
2137.1888254359437,3.234794218766272,79.20658628639512,6.12466847767835,620.6490351720581,52.89603597966618,5.769451513659414,1.0,0.0,1.0,80.23038096030008,3.154941990033495,Legitimate
1664.6789959706905,4.101262451847562,642.2378147322361,11.66100068816138,646.8488206684202,14.388905305902632,0.0,1.0,0.0,1.0,100.0,9.040064123184404,Legitimate
139.02812939797013,1.8685970223206843,794.5590893863279,0.5696596474745244,609.3511945292354,49.00683397820314,7.865862652451383,1.0,0.0,0.0,32.42392678481032,5.403193168073409,Legitimate
1525.6939831735328,5.066028082758148,75.335257085296,3.802615327654763,510.3935033691397,0.0,0.0,0.0,1.0,1.0,0.0,18.63314699497814,Legitimate
2795.2604386964053,10.307129312661193,21.80720506781836,0.2220656531635985,27.670764572194514,0.0,0.9514285242085037,0.0,1.0,0.0,0.0,2.608583072089857,Legitimate
2123.391655315865,10.78533546062947,336.1314248660003,1.7692076092148135,1368.6676575508022,100.0,0.0,1.0,0.0,1.0,100.0,9.564107963534088,Legitimate
530.5954864032026,2.2185251680304487,294.1392094222041,3.5337537683086833,4.516410651488968,25.669271776052703,5.379801508993169,1.0,1.0,0.0,0.0,0.300368743160071,Legitimate
2538.5393945069513,4.255942534627963,1054.021429191617,5.427484304677394,71.10204400296254,0.0,0.0,0.0,1.0,0.0,0.0,7.906634710952133,Legitimate
1433.5702269394526,3.0643883425516814,501.6049338817488,4.6746665519179444,45.53338049722527,0.0,0.0,0.0,0.0,1.0,16.45732593275794,6.2510894553431395,Legitimate
868.0092021578357,11.461782607048603,451.00677663965433,4.850916377520685,27.68512094936972,0.0,1.033787674921914,1.0,1.0,1.0,0.0,7.581879694461918,Legitimate
2271.5833070065078,12.336134240359058,449.26151503228573,5.91517404848177,1636.1479757241668,58.73133540052768,7.913343770195835,1.0,0.0,1.0,94.53336117527301,15.820482458993322,Fraud
1223.1015707083347,3.67317646668518,362.30502059096307,0.352249226551832,90.82285009013094,0.0,3.0720456078540694,1.0,1.0,0.0,0.0,12.521780496665682,Legitimate
1306.391707467636,5.204878447742321,91.03599515619646,2.348016947407178,265.74508984852173,13.805379339620302,0.0,1.0,0.0,1.0,74.33269451058256,4.120889867774632,Legitimate
745.1598483301565,8.063654246577087,199.74449090741803,24.601631222887153,415.97752898886915,54.92657982466558,7.381179867843045,0.0,1.0,0.0,35.75269704942914,0.6077508024298197,Fraud
1002.5904398802847,0.22857509845123508,868.7564468114257,1.4123624506967412,977.8188049425837,0.0,6.714283146855644,1.0,0.0,1.0,97.95401640329254,5.251424167956728,Legitimate
631.3606129508028,1.933527795983148,174.44855149296484,1.64739901615782,153.60920898518577,0.0,10.0,1.0,1.0,1.0,0.0,1.5730186144739449,Legitimate
2244.7301739024306,12.06118434774283,804.5876167201205,2.6201523894382523,797.2277182016705,0.0,0.0,0.0,1.0,0.0,0.0,2.2664219260837086,Legitimate
758.7763418225952,9.726176427077423,444.732201496159,2.529351890198226,438.9184444321859,7.179186301172358,2.6393581393666934,1.0,1.0,0.0,0.0,11.478174314073772,Legitimate
451.8602555284634,1.3073706671323824,1052.4709611154858,1.0899328570779598,613.0639826820805,17.974329464367493,2.2626432921486064,1.0,0.0,1.0,34.436243632631246,9.984360755434851,Legitimate
1650.0684466699624,9.279212994516469,204.662719057574,3.2581338139321625,365.6755267017618,0.0,4.864737184852575,1.0,0.0,1.0,32.23080580878529,10.828509771239963,Legitimate
493.3167164644535,2.004515043403171,340.4150426987028,14.37027192449175,383.14223231108144,69.74826471857097,5.078093089842683,1.0,0.0,0.0,56.421088378830795,23.14447622679573,Legitimate
904.8433077071707,6.450378554489973,493.7933902372027,6.686624783226689,821.0678973979757,100.0,1.3395159103617291,0.0,1.0,0.0,100.0,6.157482334730716,Fraud
1062.3615253267224,6.758139710333193,285.78903933958884,4.269175267509016,1094.0141129855858,100.0,1.0172645098673139,1.0,0.0,1.0,0.0,4.405811913119596,Legitimate
2124.158579219163,10.996472940492623,446.002674918066,1.5168667394344144,372.20423751574504,4.141954994397537,0.0,1.0,0.0,1.0,50.75551704501755,19.763897359835084,Legitimate
354.7987575224394,1.274629682173845,381.1324614808076,8.807157747988228,812.0664867778447,7.774122943210273,0.0,1.0,0.0,1.0,0.0,22.521481100106584,Legitimate
699.0214421585562,14.646968736939442,1157.4073224221406,0.1917969123746257,605.8662189830197,0.0,5.4488111933575905,1.0,0.0,1.0,100.0,1.6573201515140727,Legitimate
963.1802229036791,1.976493028995068,700.3459185428534,8.35946327477403,113.63626287898202,0.0,4.074391689241689,1.0,1.0,0.0,0.0,0.9164068029880355,Legitimate
774.2246784760669,20.72292686172439,24.039929885391302,2.7305099307086884,389.9481186293193,30.749212454403185,0.1396412148504136,1.0,1.0,0.0,7.738456476817724,9.293317831288427,Legitimate
650.3958956856629,9.264670182411171,19.93563067585876,8.419947254673428,577.5307466545473,46.844968395519864,0.44083618361626353,1.0,1.0,0.0,0.0,2.6419207828419395,Legitimate
1412.4222953793833,23.573342245994787,242.5257346864281,2.496011332730765,1035.73497649312,86.21275739622662,0.0,1.0,0.0,1.0,100.0,10.589088955819939,Legitimate
1309.6746473033447,3.257304552504472,870.2726829372182,0.6215728401929663,168.15598991019752,46.41425597101631,0.0,0.0,0.0,1.0,0.0,4.867607423676095,Legitimate
3574.141042554695,0.05104575565263934,171.2931031445582,3.800415277090721,175.6250208942479,0.0,0.0,0.0,1.0,1.0,0.0,1.5506563312195212,Legitimate
998.5505648737336,6.642043439462315,453.1361610003529,3.424509478046625,349.5425011841791,27.05584034347796,0.0,0.0,1.0,0.0,43.044823887500414,4.211085608394832,Legitimate
490.62801104381356,7.470728438465525,1199.2955023130528,1.7398634192862694,60.18072510898361,55.00459064162709,0.0,1.0,0.0,1.0,0.0,8.903710115333041,Legitimate
758.0588729920845,13.320761927167739,430.5199646660574,0.6782287373838951,44.69285353101276,0.0,0.0,1.0,1.0,0.0,0.0,4.037487705226571,Legitimate
1118.5644341704565,2.571930446064312,306.70792632624284,2.4911060381368824,221.01713603995202,32.74636779291834,0.0,1.0,0.0,1.0,0.0,18.133502645229107,Legitimate
1440.5977708867927,2.5415435266984954,16.63354092777513,0.9854791178164604,260.4826423151575,0.0,0.0,0.0,1.0,1.0,0.0,21.64110053396145,Legitimate
1101.2776991949995,9.23606962608792,601.4720251550556,4.37353926769112,684.2925546608418,0.0,0.0,1.0,0.0,1.0,49.1579398948092,9.976376579985384,Legitimate
2612.3247926591025,15.734497601022186,110.53873204403374,5.723301014764193,563.3640724945412,0.0,1.5724519652997215,0.0,0.0,1.0,0.0,1.5380198166375152,Legitimate
264.9858380716738,8.51163140249706,455.1059643932349,10.785925928893953,705.2262396021204,0.0,4.671310915633002,1.0,1.0,1.0,0.0,7.817632998805706,Legitimate
2744.7559637546447,13.76614298322683,225.27488662435212,3.704097760907369,665.3550350719662,0.0,5.904126094820286,1.0,0.0,1.0,18.09391026091011,1.1055797220085841,Legitimate
3802.4005521413083,6.503156798620929,805.1868498626425,7.188544865335195,119.82699003415934,0.0,6.386934028659891,0.0,1.0,0.0,0.0,22.590811505727665,Fraud
751.2590701431632,3.830821570448189,97.6203266906304,12.297830263308807,272.16507391550294,0.0,0.9505517708266664,1.0,1.0,0.0,0.0,8.205803999344994,Legitimate
138.76323663415278,0.5053634279291149,1244.9013157856766,3.1738896647607913,382.01782837327045,0.0,1.9174739958716915,1.0,1.0,0.0,71.74733841755665,20.828282822676094,Legitimate
2396.462167072012,7.3544892039204335,486.69744748150924,12.910143573034642,64.70585370167402,4.141878058060776,7.242118429470265,0.0,1.0,1.0,47.47762998337453,18.413690319992476,Fraud
2544.491099294916,11.712161733772696,1636.9705193386003,9.055114056253222,585.6382849096373,38.807686023525385,0.0,0.0,1.0,0.0,28.73167766178603,16.01369501029154,Legitimate
3243.8605762905904,1.0168539544729769,552.8269125130307,10.93190895298876,251.92964953823196,0.0,1.2784304514314195,0.0,0.0,1.0,0.0,3.0470168677991003,Legitimate
1222.8778197687927,13.971523065481517,1111.0326370980924,8.2883158683579,59.407704278810115,50.49798180033483,0.0,0.0,0.0,1.0,75.7479244753339,6.175162202094306,Legitimate
2155.798910726837,16.54754358850542,206.6636128473953,2.490149043020578,269.0836698508628,0.0,0.0,0.0,1.0,1.0,70.65182718271267,23.441737739906046,Legitimate
214.16709885073146,8.00765426739591,303.9092194012079,0.9084656493807692,38.16078766697967,0.0,0.6487387143676462,1.0,1.0,0.0,0.0,15.259777453393738,Legitimate
261.57043580722205,5.077333032297567,429.70666297312994,0.16968462133776718,807.7238488117385,50.17813503316619,0.0,1.0,0.0,1.0,100.0,4.466458484683015,Legitimate
1043.3610808841827,0.34866882779146047,1498.4251093444257,13.158038195267089,1295.190695854802,0.0,0.3215265361486406,1.0,0.0,1.0,0.0,17.3317035845716,Legitimate
619.1725717982523,0.10878758202230474,780.5335420129583,1.7072480929405343,520.2798988257064,68.06089278122695,4.773072378861384,1.0,0.0,1.0,39.23548058411604,11.953589521050468,Legitimate
1667.1324683578543,3.944726934280214,659.7963248975022,2.834931298661725,774.0712962583659,81.15943551199393,2.2059647699077614,0.0,0.0,1.0,56.14332811158047,22.46987834213456,Legitimate
268.26351431248247,0.5760222600524152,164.06629455808587,19.360770534743313,800.9741638675684,0.0,4.602324746280948,1.0,1.0,1.0,100.0,17.74457404609197,Fraud
1982.4116250522397,7.255283730379855,568.3359355814413,2.0326657586920653,180.77750443276716,46.72201878393668,0.0,0.0,1.0,1.0,0.0,0.40055214388343785,Legitimate
1753.8737686997308,1.2404511842672028,187.0577345492577,3.6029019108342393,423.46907108510027,54.81334009848516,0.0,1.0,1.0,0.0,6.40368480940527,6.4245342724219086,Legitimate
1631.3616009956959,1.5991602283544029,968.252058365244,3.0196327323911873,1260.576629732851,0.0,6.357223143192069,1.0,0.0,1.0,100.0,9.99469579246474,Legitimate
1749.718810213738,1.2946193512519886,492.8316779017796,11.251416766852174,558.6958561846446,83.3416591867082,0.0,1.0,1.0,0.0,44.79628212958405,6.724093702666842,Legitimate
2459.2833515597704,23.391289515689103,332.95592061233276,6.212897707773266,444.8381897906397,0.0,5.370053061790237,0.0,1.0,1.0,19.9532144009441,2.8977896909492245,Fraud
1237.727728779519,3.9631636656841622,65.45014624713167,6.252867542896915,319.5308275192884,50.102617523524174,4.077898373218129,0.0,0.0,1.0,91.18517775448024,15.659249721580018,Legitimate
1329.0581111835784,17.33469498036188,610.7466535664163,24.753904494743548,276.5255918836592,40.556475012636035,10.0,0.0,1.0,0.0,0.0,20.08968464467428,Fraud
2226.8043507199172,7.508994709610855,521.9683473262979,7.777233441878737,508.6719703367621,0.0,3.0728278109143727,0.0,1.0,0.0,0.0,4.056551399008587,Legitimate
976.5581831273253,12.590656259307462,893.5082848204459,8.870817111799568,1388.0647505574425,37.850574547357176,7.443531032519431,1.0,1.0,0.0,100.0,19.516869617143513,Legitimate
915.3824549645879,4.839871162808789,561.8307475756307,4.746949299355094,500.2167992991466,0.0,0.03513884320512606,1.0,1.0,0.0,45.13099423200498,12.204292245495736,Legitimate
214.08123812861902,1.3218646951488633,442.64143793771046,5.6100339409146684,319.83597783067046,0.0,5.242976076030218,0.0,1.0,1.0,0.0,21.749229076018672,Legitimate
2620.6171202051523,13.65140676856802,144.73496033689617,1.778724241263414,39.50379456806053,0.0,0.0,1.0,0.0,1.0,4.357312137064831,1.7813406861208563,Legitimate
1068.2833421929072,13.585828696178282,322.91062223214954,2.43115454232126,528.1349517276095,0.0,4.0483837727293555,1.0,0.0,1.0,100.0,11.439805974722075,Legitimate
1567.8131542098124,13.303816856580607,1160.5308691767336,3.005851723714912,116.15005232706255,0.0,0.0,1.0,0.0,1.0,30.10576839781266,5.390002826395214,Legitimate
1512.4220860211906,0.7498961912722062,71.216212926928,8.299480511142997,1115.7349984307639,0.0,0.38643822774644976,0.0,1.0,1.0,0.0,0.5523241446747527,Legitimate
953.0073236417356,5.415090004462412,464.1765570941758,0.21229480662811007,431.831596961236,38.28556891359033,1.7342713522079929,0.0,0.0,1.0,0.0,12.590879711112805,Legitimate
874.8110028135694,13.606760361077052,513.2766768997344,1.9268764534810048,787.6556474246345,35.43693091969592,0.0,0.0,0.0,1.0,100.0,12.26475277578109,Legitimate
1013.6546953165829,8.104885823733168,267.6702738977292,3.9485953393154722,71.85634039862572,0.0,0.0,0.0,0.0,1.0,18.16244955664228,7.943193660997929,Legitimate
1517.666332412572,16.46863858292846,802.2961723512524,2.4714402889053098,225.4221646107972,0.0,8.324834712167869,0.0,1.0,0.0,0.0,10.798197825255674,Legitimate
1325.9044210094726,1.1026751858465678,808.3805465864903,4.046279487538315,399.86895862666506,0.0,0.0,1.0,1.0,0.0,0.0,10.949858770555217,Legitimate
2352.879069792838,6.001189507966101,302.3924991079746,8.511077221904742,242.50221009249685,22.721132445053698,6.7686658535059685,1.0,1.0,1.0,0.0,5.718342074365878,Legitimate
1608.9280737658678,1.2641282943361754,88.80550390588644,2.3626961100547996,75.89380560948712,0.0,2.4187777475002648,1.0,1.0,0.0,0.0,16.481981302321017,Legitimate
1816.2980858427213,1.2497973031421516,97.52028994793034,0.3412217749876465,30.785076919721234,13.070695840419162,4.3765754084760164,1.0,1.0,0.0,59.88451352710772,2.2201261385439395,Legitimate
305.45732620581146,4.794416917432683,465.1232853856011,1.3807555653693226,262.5841431161298,96.54637804714339,0.0,1.0,0.0,1.0,0.0,5.0052718852883675,Legitimate
754.3656404826153,5.852668008895399,120.17712607548606,5.0252597141798985,337.0263846748047,100.0,3.791899446022957,1.0,0.0,0.0,0.0,21.884864433083344,Legitimate
1687.2701898577577,2.9364877386307042,466.3852189245066,1.154896402017327,143.46429896029974,0.0,0.0,1.0,1.0,1.0,4.394268004222383,6.2515204194336675,Legitimate
1153.4767671199793,7.445605403930292,292.813669147408,4.66769005324771,986.8528735336404,0.0,0.0,1.0,1.0,0.0,0.0,17.434900896960414,Legitimate
1171.885520893657,12.763359206265378,84.89164055386391,6.234721196406863,1250.3067629952166,100.0,7.132945610301476,0.0,1.0,0.0,70.41090244433104,6.252773850451167,Fraud
983.4517185339428,13.640819374650174,189.40165229261322,3.650310971697101,815.3173894172803,0.0,0.0,1.0,1.0,0.0,0.0,7.095504511628917,Legitimate
86.08700272268135,2.0101498070865347,288.642770153645,4.253758796140001,318.4083417223189,10.805790820525253,3.341263393138341,1.0,0.0,1.0,100.0,6.158416504141206,Legitimate
1093.2196964044501,13.946253882111764,22.607181160355253,11.452043663653171,1536.2441104625386,0.0,0.0,1.0,1.0,0.0,0.0,3.1757761493724885,Legitimate
2892.754331341684,5.586265327545139,811.1095772704714,1.5527966278503493,745.0666054109988,0.0,0.0,1.0,1.0,0.0,0.0,21.527062285611464,Legitimate
2468.5056582811217,19.65928994146978,458.5696637320423,0.4277429314843726,253.05274230959162,79.61565167144127,0.0,0.0,0.0,1.0,0.0,12.232902806252508,Legitimate
1702.9449515638864,3.2516273242162486,31.441477380633387,12.550734327360232,358.8517253637718,0.0,9.591338809912571,1.0,1.0,1.0,57.371904362323775,5.60946518816688,Fraud
2882.610383526342,1.9948529944291313,459.5258968780783,9.620778882141538,570.868144832624,0.0,0.0,0.0,1.0,0.0,45.238069796944735,18.929783266913407,Legitimate
783.5342756406158,0.49204916173368496,744.5419390753714,4.862821362393761,360.25085623337304,49.6495760701915,3.0398019594382975,1.0,0.0,1.0,45.24353618957409,7.186768987194263,Legitimate
685.6388462723974,12.853852790142708,187.2096811559801,2.594634084557952,2.852437080068114,0.0,1.415119770856789,1.0,1.0,0.0,0.0,14.340046709847563,Legitimate
1186.4239732834938,4.833248272528027,1030.5971381382915,13.299039722076154,827.0066050514113,52.078730913930634,3.5575977696323147,1.0,1.0,1.0,100.0,13.751196542086447,Fraud
2221.3682509894647,0.5711784055117489,642.4126393118182,3.285573545653832,124.40495824350802,81.8088775738398,0.0,1.0,0.0,1.0,12.60766686000737,4.758457842443377,Legitimate
3433.360793689169,6.667060608586094,468.6920906935388,3.8624326589038125,645.3321509970021,0.0,0.0,0.0,1.0,0.0,0.0,23.029320329977807,Legitimate
427.6155098472832,1.9867585753008277,758.7600495787136,6.858314748869642,758.6356181039434,0.0,3.2215600205371224,1.0,0.0,1.0,0.0,20.0980814389156,Legitimate
1268.4386356124871,12.580246952287855,865.80055107922,6.270604656192438,80.88191183147387,0.0,1.216802253045738,1.0,1.0,0.0,100.0,21.358449188692745,Legitimate
787.3239895721428,5.636826623316448,707.6362895566369,3.5906353481613547,80.18417060028082,0.0,1.2642911694204304,1.0,1.0,0.0,0.0,12.854350490496081,Legitimate
1559.9234897873312,2.6562182178053777,1018.2577917522173,5.290452844736045,635.4624379142426,100.0,0.0,1.0,1.0,0.0,57.61721584179309,14.844070796429452,Legitimate
2294.1766092007865,10.466748272809374,880.1067481650587,2.251155158055756,201.75290575245043,0.0,0.0,1.0,0.0,1.0,0.0,21.330374342041658,Legitimate
1204.4396540533012,20.330007356700474,1556.174854742877,2.5821595164052047,489.4681015923246,100.0,0.0,1.0,0.0,1.0,0.0,2.15036560202212,Legitimate
464.9398744781709,17.04868601730616,536.9663935152511,9.075248397578282,1417.2736091817214,0.0,10.0,1.0,0.0,1.0,0.0,9.015284106156685,Legitimate
1791.213191864017,4.209635271274037,1000.8267516885501,9.99332736599261,746.6513780533633,0.0,1.0605156108588036,1.0,1.0,0.0,17.26002095568994,20.242204098226097,Legitimate
2353.5330808087783,10.839209665356082,1302.0456267386198,7.437034578678057,861.5779577090525,34.21152161066979,0.0,0.0,0.0,1.0,0.0,0.2913496025296354,Legitimate
295.4606705730536,6.68751713577545,387.6885382042612,3.9170200240399105,389.9213643257434,0.0,7.786160877605077,1.0,1.0,1.0,0.0,23.58021024383421,Legitimate
1120.1489262046716,0.9713110915763724,497.0644217396283,5.8885708252409685,754.7585195280593,81.12098834943883,0.07042447254503292,1.0,1.0,0.0,69.53477782223167,17.35829146648117,Legitimate
1074.686469013704,7.50361028541811,123.13200696721526,10.617673808165236,701.0141402492361,23.414528266467023,0.0,1.0,0.0,1.0,0.0,1.6155513584665036,Legitimate
2025.5118273446215,3.9843615934877907,1121.6561124225848,2.5800560245083117,373.6991244971848,54.31360159686859,0.0,0.0,0.0,1.0,10.003460408191607,9.963508734321849,Legitimate
342.6966399186832,9.721523982026612,991.1597413777217,11.28957528743505,1389.3734655798694,22.141081961590146,2.0895608079555776,1.0,0.0,1.0,0.7556960237224715,10.902140023382428,Legitimate
11.976771563090153,6.377194971819161,724.9501147046965,6.850325628757307,1144.2997484426278,26.26533112316407,3.2148495852588237,1.0,0.0,1.0,67.57334860544745,2.3542333130936814,Legitimate
566.1271450699448,7.695623811651242,773.6513373884869,2.5864537457351044,743.8412411352019,89.70954676560501,4.869537510380061,1.0,0.0,1.0,0.0,4.79317413667447,Legitimate
959.7151787914122,3.386843240985971,413.9278631457633,5.041993647756701,815.999012074946,0.0,5.3504934822212284,1.0,0.0,1.0,0.0,16.539782718360364,Legitimate
620.2632661227111,8.737946212411899,981.3401174431496,0.8367668508184352,896.2531857922864,66.87968594179728,8.492807494480356,0.0,0.0,1.0,40.21567391703409,17.42536679160748,Legitimate
1494.549085812818,4.291781198749986,915.8187794757887,5.124504045826924,819.507969178526,1.2562436251694251,0.3296704911061705,1.0,0.0,1.0,81.71973136409356,20.059064995741117,Legitimate
1063.2276695812252,0.14686414391873467,400.7514982540383,9.872321527809225,394.3512428448262,0.0,0.0,1.0,1.0,0.0,24.525903087130768,9.224106299763136,Legitimate
2122.350660703571,17.42376084702539,1527.2442201642903,1.891084686738218,1546.1254475663409,100.0,10.0,0.0,1.0,1.0,55.25072396487725,12.429737880402135,Fraud
3053.792275145206,2.0047460915787836,383.50518250277514,12.155793275443651,198.77737191311292,82.88325413628283,0.0,1.0,0.0,1.0,89.39461118170259,14.144354504116059,Legitimate
1509.1447038540505,3.783518825997664,572.6590276628689,0.3425163725730389,742.7861691646247,100.0,0.8990583280264803,1.0,0.0,1.0,44.06255799775855,8.953127431914089,Legitimate
756.5426516154125,16.673823429386164,294.2644129310196,4.791118456985636,401.60362770787026,11.919743574936717,0.0,1.0,1.0,0.0,0.0,11.408405557066473,Legitimate
691.8848053983573,3.809964059333908,773.1368047788329,4.872101335467329,160.79267251225065,0.0,4.649715275910202,1.0,1.0,0.0,18.708084534228288,22.68756367571416,Legitimate
1225.2122152933055,6.494304662030626,790.8894798594446,4.973968335884802,15.04819450104219,0.0,0.0,1.0,1.0,0.0,100.0,9.727443325012914,Legitimate
1114.0892475813303,2.6117680697450925,1011.6004866739933,2.070533575259309,626.5379322153224,0.0,2.937661189587673,1.0,1.0,0.0,0.0,0.957777517385253,Legitimate
1105.9978464310047,2.8475862849001854,250.6174064031842,4.3069880138077075,777.424252106344,100.0,0.0,1.0,0.0,1.0,69.7029830482447,4.142378354094505,Legitimate
436.2757975022431,5.540737272339897,691.0652521983174,3.197697219595102,418.8872219157664,67.17071509839255,0.0,1.0,1.0,0.0,0.0,15.266981024085622,Legitimate
975.73519942232,6.399034009835328,157.94287116311932,2.8496616258918426,421.94183680247755,0.0,4.965845741089371,1.0,0.0,1.0,0.0,22.161328596268284,Legitimate
796.8547618435996,7.5992274304747145,1264.6520972434428,15.626723200061498,1204.2727143408406,29.647553431905187,0.0,1.0,0.0,1.0,0.0,17.299207007083382,Legitimate
163.72862176568538,9.026996642225333,973.4642341785282,0.46084507125410035,234.0459552314328,0.0,5.668915444857538,1.0,1.0,0.0,45.116160650872985,20.916044494301076,Legitimate
111.69350196010255,19.883339935805964,1640.249653238804,2.8798497085522134,554.4935274375449,69.69074562858795,0.08249763469073512,1.0,0.0,1.0,0.0,5.230093202387948,Legitimate
295.64482400049997,2.4672138869860634,2.351653104745253,25.334216615004976,334.14111751201483,63.91973731570239,10.0,1.0,1.0,0.0,58.77407802599862,1.6635376929186023,Fraud
671.0666035005759,8.692523552159166,328.517416921673,6.826833360013627,1242.5473090760036,32.103096912719884,0.0,1.0,0.0,1.0,100.0,21.137698092241564,Legitimate
148.46770232076042,0.22102749849855868,778.2108527292701,5.8562034813169195,65.21130023950599,0.0,3.6990062872468856,1.0,1.0,0.0,0.0,4.620907184570115,Legitimate
135.7317166130708,2.8191878812631215,413.6315874164979,1.3050156132520705,892.1352363477662,50.34249954491291,1.600421832893323,1.0,0.0,1.0,100.0,3.3812548433986764,Legitimate
2528.7195209839006,24.715599083142607,337.89589171825025,4.128380406222585,129.43828326921653,0.0,0.0,1.0,1.0,0.0,62.74171776184534,11.397181080113825,Legitimate
615.6924604599149,15.939637298232993,394.8390022480726,0.3203068010845129,546.2533312288604,83.21990532139328,0.0,1.0,0.0,1.0,84.18784533318262,9.37912660475716,Legitimate
886.5812676070667,11.342804531462336,424.13312078974616,10.054367492489773,1580.8172619807974,0.0,0.0,1.0,0.0,1.0,100.0,6.434923536657713,Legitimate
1597.2667671052986,18.875319030081258,201.79124070334092,8.028430207188766,365.80376183662435,100.0,0.6925497553735527,1.0,0.0,0.0,100.0,1.5847891825211349,Legitimate
713.2191081408105,9.912903816403212,960.2991213559078,0.6444979549989815,40.88655870045142,9.10600566302692,0.0,1.0,1.0,1.0,34.426735974254946,0.7341279917113397,Legitimate
561.9412462118814,5.807681067504609,370.9596450679746,10.864644799433322,617.1326879797207,0.0,3.535533449652046,0.0,0.0,1.0,0.0,18.57993779032602,Legitimate
2297.8063376185232,14.96014557149427,979.7202660415446,9.22203957377077,959.1686493276475,22.304897401643004,0.0,1.0,1.0,0.0,6.801712317602529,5.158927418882595,Legitimate
902.7086461323419,7.571268468160501,381.14447892706056,5.182878543260081,162.74944728171312,0.0,6.551681936390782,1.0,1.0,0.0,0.0,17.458633864741728,Legitimate
646.1201227338994,15.825549693125323,371.224214427348,0.09985726036860854,326.757461534738,0.0,5.955769146989914,0.0,1.0,1.0,0.9193920931657615,14.853246839059306,Legitimate
2111.1583779466687,16.315717376547557,810.972905476105,10.849566223469196,807.4786010387368,14.212019307178672,0.0,0.0,1.0,1.0,0.0,7.8868678269659185,Legitimate
1234.2427241096784,2.7829897912783155,347.5388938213364,7.710781631245496,573.2542804318707,0.0,1.8305494918040268,1.0,1.0,1.0,0.0,10.899600089274557,Legitimate
2040.6437956087368,18.589776944434202,991.089493383344,0.14778475123819312,533.8065763983492,0.0,0.0,0.0,1.0,0.0,0.0,7.953337522043135,Legitimate
1664.4143479267825,8.242835576787517,841.6301947516629,5.277143523718696,47.80788976738788,22.50367097868471,0.07581039781298404,0.0,1.0,0.0,68.146658705173,21.229092147746854,Legitimate
726.1850372929215,13.560364451447345,707.2971752703079,0.48468127963402363,1120.3010549026822,25.660389654288707,4.907384716481694,1.0,0.0,1.0,100.0,0.16144842979903462,Legitimate
787.7396368589569,7.332650934863539,165.09832096206924,17.367863139973636,1008.8504045656148,0.0,0.0,1.0,1.0,1.0,0.0,21.631567647189627,Legitimate
301.72379551195195,10.840704849042291,678.8613847361208,0.31705040401122986,590.7624343110019,100.0,0.0,1.0,0.0,1.0,27.862778538114647,7.38195856390522,Legitimate
2224.4185578529846,0.059381694151495704,929.344255732813,1.7271242263291953,766.3157628784982,0.0,0.0,0.0,1.0,0.0,0.0,22.97270182323777,Legitimate
959.480852922629,3.6709584173386034,433.2011033361153,1.118920326585842,481.42670720907495,0.0,0.0,1.0,1.0,0.0,0.0,4.70175698620686,Legitimate
1942.5751724004065,3.1134788711269756,1113.9017167256734,8.91375152817524,657.3079830596276,0.0,0.0,0.0,0.0,1.0,0.0,23.845159961961215,Legitimate
1738.9650109408162,1.013249162298958,546.266602874578,10.732428462472665,139.69595414498406,33.72726608190135,0.0,0.0,0.0,1.0,95.69921615810826,6.625106982805222,Legitimate
1229.402109671771,10.013664562908623,632.2922680145556,9.507368325097572,1365.1610139688698,4.437153648643232,3.0235216405340024,1.0,0.0,1.0,34.06762579156778,1.6394632263717916,Legitimate
1345.788624072431,0.9783081209994353,53.97083545749797,2.5002327803255664,379.0343911235063,0.0,8.378068697169072,1.0,1.0,0.0,0.0,14.649503785079837,Legitimate
1706.3086404842757,2.896536982097579,522.9357224422824,9.006312035280587,219.6855851210944,100.0,0.0,1.0,0.0,1.0,0.0,2.6680420055987852,Legitimate
143.7824970605818,7.937865240189696,574.6781007328925,1.123908379357669,162.7676065248014,36.44910404659192,0.0,1.0,1.0,0.0,12.129669213400582,14.36393781716068,Legitimate
987.793496181406,0.13981815969324854,131.02451160816736,10.183755002497378,427.92946708734087,79.12708954705556,0.0,1.0,0.0,0.0,64.12768543416047,0.19237586375384375,Legitimate
1114.9200023261778,4.372074469478853,312.89079903759193,0.9244896952283366,131.76390294087605,9.848743127710406,0.0,1.0,1.0,0.0,7.205867662272361,3.208302114194165,Legitimate
472.8565056242662,5.665109952314721,60.09171934360256,8.392703169729746,1394.845042509013,13.97448494656848,4.758246834821129,1.0,0.0,1.0,85.58215971761229,9.346892140113498,Legitimate
1695.9096016701671,7.683339922903146,187.80085987321047,2.088650231837881,500.0797593438744,85.72551751382349,0.0,1.0,0.0,1.0,42.96908902853544,13.306361326583854,Legitimate
508.87745203511486,9.312695959955741,865.9549530861834,2.8919144744970056,30.666072413298537,0.0,5.610753065005646,1.0,1.0,0.0,2.9787826371876065,21.28520680415556,Legitimate
1025.6753258841566,0.9889143239692549,987.8391727190766,2.8576816975763863,56.505652268161725,17.292578783196724,0.0,1.0,1.0,0.0,0.0,20.246764490838984,Legitimate
1881.2030021250607,4.488038011627814,1082.6637089010808,5.555173913482193,129.42972863447437,0.0,1.7448755471127728,0.0,1.0,0.0,0.0,17.58376221237296,Legitimate
1172.8738921050376,19.7281075471809,707.5883011615359,4.071579403839666,502.9228790434879,0.0,7.666627824545275,1.0,0.0,1.0,20.063987419836042,12.333321655840551,Legitimate
1521.6057844001637,8.774547400031002,702.2747629251949,2.678936113723292,310.9549577579139,77.50127363021923,0.0,1.0,0.0,1.0,100.0,14.263589824978954,Legitimate
1289.9832970051452,4.656952401188365,394.0327475190164,7.042833524425504,161.93560454555154,0.0,0.0,1.0,1.0,1.0,0.0,9.757477923275445,Legitimate
3418.219160974626,2.3959232465370883,504.38174244268356,2.6082899506007564,722.5106244363961,0.0,0.0,1.0,1.0,1.0,0.0,23.889251908196023,Legitimate
27.994340159555392,11.38058318655267,682.2398639232456,2.8611152544941016,112.96791319312672,0.0,2.831389733350422,1.0,0.0,1.0,0.0,4.858327821516842,Legitimate
1337.0102481306549,1.2709274884279766,543.4851087876791,4.661502590074178,171.6571142659094,0.0,0.0,0.0,1.0,0.0,0.0,19.04357029354179,Legitimate
1070.5597658591832,8.975435703037949,1065.1098859187405,6.741806272685412,328.2355502372205,26.237070544278946,3.3420713749738225,1.0,0.0,1.0,100.0,4.0548156537955755,Legitimate
545.6183362858003,21.450364207687073,947.3385712190659,6.910717595436333,2.853990359338468,0.0,0.0,1.0,1.0,0.0,0.0,3.96189760052485,Legitimate
391.8476175781457,7.071861850500949,989.5927177948666,5.161581952352172,65.98454472646989,0.0,4.024881318276473,1.0,1.0,0.0,0.0,21.251197556517305,Legitimate
400.11659506967663,10.908965899727685,897.1505659885031,2.8004701840790087,876.7301838988599,78.83996180571418,2.4146828859915104,1.0,0.0,0.0,100.0,5.134444015047773,Legitimate
2687.1922649092025,8.11921659107993,362.74385022553776,16.248319975088698,1127.3918596764133,0.0,0.10020183072760558,0.0,0.0,1.0,0.0,0.554208184331161,Legitimate
1719.6161889995053,10.35128916176733,722.7822906387449,8.506569939715284,616.4799857153392,0.0,10.0,1.0,1.0,1.0,0.0,7.6765608246345955,Legitimate
419.30945940140475,9.397025982521518,1078.7765958376558,1.3431316686811288,378.1517680931098,88.2049993062243,0.0,1.0,1.0,0.0,47.047563124088235,21.64651269863123,Legitimate
226.8709077291083,0.5106066511498226,376.5573017156548,6.195164301824995,1165.124614822647,100.0,1.8795484806224292,1.0,0.0,1.0,0.0,16.693643215859737,Legitimate
383.28413764766935,4.451042548327067,100.53967204061757,10.993266127477671,1428.2082864204701,0.0,5.0803014210513435,1.0,0.0,1.0,0.0,1.7497966366818893,Legitimate
2248.4841565450583,1.4285101299207983,505.00896174970234,0.6185371191091278,493.6171706437701,0.0,0.0,0.0,1.0,0.0,0.0,10.504518608440307,Legitimate
817.7840106296336,1.9699064821431513,194.6090274570646,1.0225004986945594,873.3915846034239,100.0,0.0,1.0,0.0,1.0,55.013278078930284,2.9666587862928573,Legitimate
3582.847415661555,13.443182079872077,1146.6296384650755,3.6470608202811676,97.1913980505008,6.789021368011554,0.0,1.0,0.0,1.0,25.571763102436922,20.255199353039433,Legitimate
512.510358034004,18.91903901253624,307.1576679747342,2.5246295348072154,753.7953569099246,34.59303616480822,0.6315661585629186,1.0,0.0,1.0,0.0,8.367160111015213,Legitimate
159.7808197059257,0.668909415947264,1227.3282394146108,2.1726671759023564,342.5057712521045,48.923404703720344,0.0,1.0,0.0,1.0,87.69430549223975,3.663387066864062,Legitimate
431.67234113029264,8.607246772401178,401.94456300434774,2.445668082724506,30.858832089966597,0.0,9.107073994794073,1.0,1.0,0.0,0.0,15.89154056153616,Legitimate
431.44698834959115,0.44607724434289386,1128.5398842405352,9.503255541551425,428.24204339540677,14.291202929871083,3.977943874052368,1.0,0.0,1.0,0.0,15.046639248394193,Legitimate
1217.216671454256,4.24722216138721,749.9833461299247,3.3988458088378373,496.4215637441854,11.946493587455556,0.0,1.0,0.0,1.0,33.77887175586589,7.985709300885079,Legitimate
335.21875236473477,2.6221473223685487,195.03185277666978,3.112705540143626,317.69735782734097,0.0,10.0,0.0,1.0,1.0,0.0,2.9686772732031166,Legitimate
600.2801769331119,7.348037072103585,328.3462597797951,8.698977540326004,880.6533892800761,25.793747389187427,8.249235905271565,1.0,0.0,1.0,87.65352117113278,10.150207783055855,Fraud
2398.6726964688623,4.692458376626558,514.9334616289127,2.3811086384289197,351.36459340885347,21.600683245393476,0.0,1.0,0.0,1.0,0.0,6.611793489036952,Legitimate
1052.0729455848643,2.541034540355542,168.54666386006755,1.7783306007473971,205.23246412789842,1.460976972135029,0.0,1.0,1.0,0.0,27.480559614702116,11.620547195899846,Legitimate
1523.7523963898902,20.43025801848989,645.1232828335162,1.608918629449966,376.4016156848983,0.0,0.9921512087726105,0.0,1.0,0.0,0.0,17.2476909448064,Legitimate
361.1319320308063,8.14424898616591,1592.8558323070772,1.060909038660717,314.00220733421594,0.0,9.259647642890705,1.0,1.0,0.0,0.0,7.49797323788443,Legitimate
783.468685556066,4.632391369225352,884.6228197799875,0.5020760133881383,778.0765037582751,90.19697034978293,0.0,1.0,0.0,1.0,40.65722276914363,3.7578775434663,Legitimate
276.11284621984703,22.05529568265414,1099.6683904641254,1.7309765821604204,169.62704956295784,0.0,4.728181691820383,1.0,1.0,1.0,0.0,22.25586247681138,Legitimate
141.03808048308443,4.424229892435701,329.4127096649945,3.0036548050903686,242.2689947400814,15.734004787178982,3.4826389987327553,1.0,0.0,0.0,50.83891330904366,5.710588718792825,Legitimate
1039.7824453102917,6.802154559028234,400.57512824117447,5.6611739949730975,1750.929952271058,98.75974284161938,1.8994611120416982,1.0,0.0,1.0,100.0,9.00822085274162,Legitimate
81.81934260583836,5.733398392159453,361.7551222066236,1.697357176648464,428.7973953601526,43.07062318571524,0.0,1.0,0.0,1.0,67.8077488635318,14.212696974243142,Legitimate
543.4331898567824,7.49013955074131,1274.6704633855297,10.633742235753946,151.93624223603837,0.0,2.4619598474183477,0.0,1.0,1.0,100.0,22.867576657591464,Fraud
2582.148815273917,2.324866184193672,950.7482665713661,2.1095566737192817,379.46913743538755,0.0,0.0,0.0,0.0,1.0,0.0,23.793653959493668,Fraud
150.5260107690987,17.76087280380064,269.6124931341736,1.5808521940165488,927.3071351330178,0.0,10.0,1.0,0.0,1.0,100.0,1.99327544164335,Legitimate
1554.0334084387082,6.7434295357192555,128.05696733720794,3.5377282191712514,329.2567381566271,52.51671756505338,0.8369451339845595,1.0,1.0,0.0,0.0,14.074528924171751,Legitimate
1555.9580824788593,14.668732901546866,769.6402254403381,4.068984449610738,294.8747716184619,0.0,0.0,0.0,1.0,1.0,0.7651416250487628,23.809102045378616,Legitimate
2507.9988832285458,3.8916981022344825,500.35431384026094,6.892964533912123,364.04494957556517,0.0,0.0,0.0,1.0,1.0,0.0,15.885167838598193,Legitimate
801.9507958283103,15.080122737897765,239.7805073039445,5.58149763085694,63.92264694279987,37.97640442061771,4.325184737047955,1.0,1.0,0.0,23.088650910863905,6.453843844912782,Legitimate
2326.4798724944617,4.9191553815138676,520.5625343209385,13.586589878609496,52.82828865605711,0.0,10.0,0.0,1.0,0.0,24.892008075174676,6.0765725813857365,Fraud
950.9766884058558,8.347203094498063,224.57526155644348,0.42770167947577065,110.22268142001661,0.0,4.344783148289725,1.0,1.0,0.0,0.0,10.858358624889288,Legitimate
2268.490925367529,13.466434314344815,130.60592592615455,9.235154338591762,67.56029729598691,0.0,0.0,1.0,1.0,1.0,0.0,20.044337865280028,Legitimate
322.79650782663737,2.4778718105208193,1300.6491658887937,10.067746712362185,637.1523787512325,0.0,0.0,1.0,1.0,0.0,45.02174150625752,8.591353405831242,Legitimate
1383.2277751632314,5.084855561473737,405.64493575370693,1.6508931332496473,289.2197282657851,15.79825005011621,0.0,1.0,1.0,0.0,0.0,0.8863544810217583,Legitimate
91.6589872089182,0.32499862887861913,902.796917497588,21.275105335853027,186.1867033706236,48.41335049181729,8.941989608029573,0.0,1.0,0.0,26.823355955911175,21.97573676356815,Fraud
1176.4652215060817,8.961304679725128,651.718593124912,4.5312473616088695,160.4138512584691,8.595647603414633,0.0,0.0,0.0,1.0,33.671690521064164,4.642656669002516,Legitimate
933.0059325931393,7.898843091669199,499.04718350562143,8.232987208550227,159.0425177388738,0.0,5.353122697436269,0.0,0.0,1.0,0.0,5.7185607224142405,Legitimate
2298.6917266093133,2.1250136469116514,1089.4741996183338,2.880049354584836,153.24396203077083,100.0,0.0,1.0,0.0,0.0,0.0,14.299089559238253,Legitimate
1522.7111758137248,1.7318383939617412,336.66862077490646,4.071186186776625,325.60851677123173,0.0,10.0,0.0,0.0,1.0,0.0,1.0820435165982802,Legitimate
245.43379587865462,6.2335068029026175,669.192013405571,3.0601335494826607,593.8073918448572,48.16932016070557,1.726068817737451,1.0,0.0,1.0,0.0,3.043519891684838,Legitimate
1046.1654527424407,0.8643018908754229,287.9480922079505,20.5758266735837,102.79112210018485,58.70584994998818,5.903798500099993,0.0,1.0,0.0,100.0,6.858699325243762,Fraud
2158.299598508531,6.269547482561325,361.47344986045437,13.00223841127162,562.9753074958624,96.11891905735692,6.794555540159328,0.0,1.0,0.0,57.26840294283087,12.432210913483651,Fraud
1549.6278091495312,12.737174007254495,667.5106479010512,10.772429403363804,141.88177307532726,94.00644275026565,2.900831382799921,1.0,0.0,1.0,7.902275267016591,20.852494989857252,Legitimate
1981.4091730468322,18.261858494167107,1023.6758712265256,5.012936231134972,330.9148522531707,0.0,3.1190977359851066,0.0,1.0,0.0,0.0,22.938897527210564,Legitimate
1523.7476318663432,4.2147774730577305,65.52118714794267,1.1199363145489794,317.61342591141533,72.20191208167549,0.39261592152503066,1.0,1.0,0.0,22.126796449100468,7.980115689481034,Legitimate
2250.9019795965737,0.5186886376990197,431.83457876715806,0.7661014900239023,175.61058756763333,0.0,3.30645025201055,0.0,0.0,1.0,0.0,21.180028804002635,Legitimate
56.250037869949836,0.992003529315567,688.2550690853102,11.848617409748783,900.4480300347234,0.0,0.0,1.0,1.0,0.0,19.984964893500624,1.0465785016960965,Legitimate
1707.753287183937,3.126509912073227,1391.2271082786574,0.6078010009752361,1.3511458419454243,0.0,2.0480451246929983,0.0,1.0,1.0,0.0,12.851761076047708,Legitimate
999.5688345780694,6.9286512347201175,472.77043026971734,5.317888626790438,319.61001615941103,100.0,0.7639130306446535,1.0,0.0,1.0,41.50975218181369,23.130055654728082,Legitimate
865.0560225532525,7.996298241670389,376.14307874852307,3.8416283984028343,27.231530498481277,2.0093358994022594,3.545549909511095,0.0,1.0,0.0,0.0,4.647764955990371,Legitimate
1587.368614718068,13.291851333448825,469.4057811104892,2.9420870575679983,185.7847743535558,0.0,0.0,1.0,0.0,1.0,0.0,17.529816442981566,Legitimate
1984.3351623550238,3.1428275507303622,406.28151234456925,3.7219401230491584,372.6043758583785,0.0,0.0,1.0,1.0,0.0,0.0,3.7436493510095374,Legitimate
1538.3851806420812,0.4722809229816076,139.20996117857408,0.28807603728060194,15.830133821194806,31.863666005595004,0.0,1.0,0.0,1.0,0.0,18.178085309383007,Legitimate
915.970914735138,5.759044369323361,425.28425699445535,5.8073798246670005,107.37455928088434,0.0,0.0,1.0,0.0,1.0,0.0,7.79236292928208,Legitimate
1735.065436620461,6.365053626495294,528.463210435388,3.542533458826515,305.30542822662477,0.0,1.418846474242688,1.0,1.0,1.0,13.023394107726773,11.743448561695473,Legitimate
580.1555733425015,9.319345423163096,1048.3261343830482,15.820671808612037,1707.2621050046887,10.633260686946699,3.8012712565493407,1.0,0.0,1.0,23.122905768309522,14.09405662066025,Legitimate
1011.350494962699,5.554447928650015,510.93287109111134,4.0339405491472675,202.0444731862149,0.0,6.597864609525646,0.0,0.0,1.0,0.0,3.0445154048503937,Legitimate
705.8957639771687,6.611025357349691,132.38364159275955,10.884172513640769,131.61427426915418,0.0,3.4068782036762135,1.0,1.0,0.0,0.0,22.268192141386976,Legitimate
2117.652615721393,10.817216943950939,271.8067693312623,7.009205952131623,828.8759311949937,0.0,3.0052495095631753,0.0,1.0,1.0,25.066498797796623,1.0789303896059153,Legitimate
584.9260016250329,2.32871307740251,860.3860424191085,7.602248481659423,483.87420989805435,0.0,0.0,1.0,0.0,1.0,4.181562684161193,14.154050471989251,Legitimate
221.44486246046398,7.724149910105881,944.7706155845123,5.275753481115878,473.395647919869,0.0,10.0,1.0,1.0,1.0,0.0,20.282747198611492,Legitimate
1110.7593175658594,1.5281111706735941,1254.1237015925008,3.053007798259369,780.1308527974802,65.54718704951179,3.497511164865192,1.0,0.0,0.0,0.0,12.201961410567254,Legitimate
171.8255922016948,4.900796282514957,773.8278859595962,2.3830120528417273,141.91015213226865,38.637332720439765,4.603270091872615,1.0,1.0,0.0,0.0,3.1268794417241903,Legitimate
125.11360966174897,13.926487577832535,1141.6895825233255,15.642973030454637,1595.8261927166006,0.0,0.8038077754044215,1.0,0.0,1.0,100.0,10.441654348585793,Legitimate
1589.7850737296894,11.740741316089746,105.66403442431869,7.578506413450223,652.4390389805288,100.0,4.642800289987699,1.0,0.0,1.0,100.0,12.76867346697864,Legitimate
1150.4369386733583,17.417035530801773,314.3626436928735,1.9005021798505677,248.1595140302494,0.0,8.009311868351944,0.0,0.0,1.0,0.0,19.29004611426804,Legitimate
261.98654579954473,17.07837926139544,666.2340418794352,1.8656544394454784,911.1872012919841,59.97539024555776,0.0,1.0,0.0,1.0,100.0,10.184567341632103,Legitimate
935.6378389358265,10.065904164097708,206.8196570143532,0.5723746236728839,195.7870522399894,0.0,0.7819669082579854,1.0,1.0,1.0,29.7243824353465,22.55824014153261,Legitimate
162.98994546893994,17.298853986834445,238.50743140721409,4.732597718721173,275.35028224583766,0.0,3.5555624709631504,1.0,0.0,1.0,0.0,6.28177596462386,Legitimate
3678.1290077881404,1.7020204949336528,977.6619010621278,5.234242067806561,164.3607808939149,36.68924692838442,0.0,0.0,0.0,1.0,0.0,7.8726091847840625,Legitimate
464.9070949049027,12.703794712084044,280.5330138279985,4.603919670649093,571.4364222774739,21.451616066606192,0.0,1.0,1.0,0.0,84.28187340827378,0.9269971819878791,Legitimate
965.0723622476619,12.176981441914151,627.2998849354597,9.565239377804843,864.2479683398567,0.0,0.0,1.0,0.0,1.0,90.99026875688502,18.466347796213803,Legitimate
1762.7393388205755,8.026613902337145,461.39127826602527,9.447866234628869,774.4616321428623,0.0,3.4096597209161636,0.0,1.0,1.0,0.0,7.010885113731895,Legitimate
103.01895661633407,4.531075893750879,253.30462514505504,5.835816784685198,251.95506845041825,55.43583779502257,0.0,1.0,0.0,0.0,44.61408304066107,6.941033657568353,Legitimate
476.57199501552054,8.686630423557151,341.6723472864162,3.5264034672066344,225.05230058805824,0.0,6.70440041892195,1.0,1.0,0.0,0.0,12.471050515457087,Legitimate
1907.175127006786,4.917378487907272,257.2329806802511,3.4384351509540396,206.7705197803844,0.0,3.056337980826222,1.0,1.0,0.0,0.0,13.82000908879963,Legitimate
987.9203507932915,6.771902376532944,707.7753707371154,7.922786968093823,67.08093600509761,83.42336464352447,2.6132199624309584,1.0,0.0,1.0,0.0,2.4000199177756087,Legitimate
858.4343817238537,3.9294200180640453,139.47498523850544,0.2702381574681576,225.3102925584184,0.0,0.0,1.0,1.0,1.0,82.17155068449864,14.282876932003205,Legitimate
1037.0983048539192,17.184070726484613,746.1715639650324,7.006855060896974,28.909239345775063,100.0,0.0,1.0,1.0,0.0,29.999266001861862,4.394633103304226,Legitimate
964.2503708391534,1.0429851137772668,182.6340548666974,15.827265630891965,611.3961882358765,0.0,2.45860242253053,1.0,1.0,0.0,0.0,12.964536930015974,Legitimate
616.2336713231566,3.0705831890871202,1100.3794807684535,7.511756538116437,162.1153784228734,0.0,0.0,1.0,1.0,0.0,0.0,20.235527570218437,Legitimate
862.0503465219175,7.269489590173489,914.724405532037,10.863824652184991,12.169136178722056,31.00183325214263,5.113182550496264,1.0,0.0,1.0,62.64571015349145,8.949785933822216,Legitimate
1942.2283598824447,10.946716363802766,354.3271235713124,3.356439320461945,741.4792697377222,68.16936178856194,0.0,1.0,0.0,1.0,50.7696631938776,14.891932347290892,Legitimate
2946.528957665817,3.2659082745082735,915.5599989969522,13.972482681217006,404.49207932719605,75.80808304112367,0.0,0.0,0.0,1.0,47.40618294554997,14.325138075106512,Legitimate
668.5430220880796,17.22343356869786,466.64503583278656,3.7062227243765857,202.43613403242702,0.0,1.0855434670896813,1.0,1.0,0.0,0.0,8.501849616129398,Legitimate
2032.8296112385392,5.003860901204341,719.2508847828689,0.4973244259237113,289.77710839457353,11.938112703042208,0.0,1.0,0.0,1.0,55.57210261175899,4.268193079807258,Legitimate
1327.4076132529385,19.988717359397143,1513.869846574029,0.10943929437725508,76.16956853327531,14.439582554510615,0.0,1.0,1.0,0.0,52.254387038098336,11.693325489850004,Legitimate
2667.6552285771354,1.4490796933090406,640.4816605825495,11.359876491543467,5.808229083571007,100.0,0.0,0.0,0.0,1.0,17.87550418204524,3.0558130740042504,Legitimate
107.04621544887902,2.4428093977653407,717.14803799768,6.54100103102941,681.5223447015528,0.0,5.151981773912364,1.0,0.0,1.0,0.0,17.41587298857198,Legitimate
1594.1639221377015,4.034368628712908,114.1443899097298,2.2137843860531436,389.9836876829468,0.0,1.823308169084609,0.0,1.0,1.0,0.0,8.95562021434472,Legitimate
889.9631631512325,4.042455991972288,632.7313297478636,11.449387823131556,1054.76879005249,0.0,0.0,1.0,1.0,0.0,0.0,18.712000202995835,Legitimate
1436.9683801102478,4.60832339796763,313.2851524919097,0.6107605326939991,473.44791318798605,0.0,4.245391853933933,1.0,0.0,1.0,18.629360302173538,5.1454395850947705,Legitimate
636.4842073972737,9.957812283775286,764.6531058952864,8.910134636380826,1103.9092297348882,0.0,6.950326700639142,1.0,0.0,1.0,43.82471595865447,13.287878349386009,Legitimate
306.93325194562277,8.65244950343942,904.9784066762537,1.2186025727674714,203.41353590377574,0.0,0.6770504498728389,1.0,0.0,1.0,19.63842292322284,7.443213342314133,Legitimate
755.5694840303674,0.7188093571887483,735.71993324742,2.704401461418896,353.32782998815617,91.74744069197803,0.0,0.0,0.0,1.0,0.0,14.570370379683634,Legitimate
2128.679390588145,10.904847249076397,1099.9377418903414,7.813326060093182,98.44820876381573,77.17771781240467,0.0,0.0,1.0,0.0,56.17535569498929,0.37974524988153124,Legitimate
352.47399089640214,1.8386929981662061,594.116636350567,6.182797864061245,931.1361566479508,0.0,7.599730821025128,1.0,0.0,1.0,0.0,0.9131717509490995,Legitimate
1646.0591064166592,1.8189191851337159,569.0953183920074,4.8113484955365,481.55868728165905,0.0,1.368507872840548,1.0,1.0,0.0,0.0,22.545554497433265,Legitimate
825.5354341257521,6.029649001521598,658.9541920478375,2.0450970565826516,829.2573347060369,100.0,3.2247998556080355,1.0,0.0,1.0,77.33902393600039,8.976916421170003,Legitimate
2598.020754029484,11.760201322527603,332.3000398105858,12.006273219013035,720.2639160348551,0.0,0.0,1.0,1.0,1.0,39.28592703466951,10.091092283518933,Legitimate
693.2097366971267,2.2223563663052404,538.8799599955402,0.009467076747170289,870.5363725953193,0.0,0.5644070684430949,0.0,1.0,0.0,0.0,4.958168435959642,Legitimate
919.0880487670531,10.570162829481353,599.3972941694268,6.506603938829447,111.27439880052657,71.29165442440157,2.5120141526518984,1.0,1.0,0.0,45.22903589372459,2.05908652944201,Legitimate
1808.6080313755128,15.053020610083435,709.3240104084529,0.019638965566333155,635.4914756430915,31.84496384310547,0.0,1.0,0.0,1.0,72.806238099623,21.888987819117865,Legitimate
1454.383623611077,7.811738566106911,16.807965365899804,10.039961246921838,779.9168772658804,26.807384043608906,0.0,1.0,0.0,0.0,0.0,1.7337371740546281,Legitimate
2352.0394919841206,9.171554913710484,834.9040490046691,4.637628111764441,524.3875227215091,0.0,0.0,1.0,0.0,1.0,0.0,1.3488567022335118,Legitimate
2268.654145257663,10.587806734902474,599.0658255679377,0.11081314329291558,212.82005715658346,0.0,5.894010412473473,0.0,0.0,1.0,0.0,2.323777631244063,Legitimate
592.1440487097768,4.597805840503131,412.58981801806203,0.8388480637527946,528.3884217217907,0.0,0.0,1.0,0.0,1.0,100.0,23.65806483479391,Legitimate
1310.0853703686375,9.51269393138302,198.05494217210713,23.364078523451166,1627.5954406883473,0.0,1.393637590077725,1.0,1.0,1.0,0.0,13.721169327029102,Legitimate
1129.5561513112923,9.69548066889097,735.6762454138644,2.2196275013780467,346.54830870238527,0.0,0.0,1.0,1.0,0.0,79.91429511277805,0.615138382217296,Legitimate
782.8038182145652,1.4294961011538876,613.3558431702832,1.7748765310342387,383.3551263483587,0.0,6.6861555638809325,1.0,0.0,1.0,12.105346454814367,8.171775896945954,Legitimate
1301.4604605390803,2.3351245758489845,1819.0876283102996,5.095338863384513,239.97225167892373,0.0,0.590501845942248,0.0,1.0,1.0,0.0,16.94853758507285,Legitimate
659.9955436928639,1.2305159098989944,794.1227229758149,2.763473636624573,1069.9542277604758,100.0,5.889162880622915,1.0,0.0,1.0,100.0,13.65791137742066,Legitimate
253.34464844027573,6.77181686725047,591.2646401987193,2.379290434454864,0.22436703073083208,0.0,6.014746905002079,1.0,1.0,0.0,29.522341546292154,19.8911060495754,Legitimate
422.4626898323743,13.895991634335655,1020.4570414036868,8.355494155736904,895.5362565711733,0.0,4.124893477469109,1.0,1.0,0.0,52.54832689000348,7.028159121904771,Legitimate
710.9423160521357,15.289289948137402,682.6854611076569,7.5051732809404985,822.5618071053442,0.0,4.676216065364654,1.0,1.0,1.0,0.0,18.04445387664485,Legitimate
2207.8953860846746,8.63946637269869,494.1382483954033,3.00685668214075,168.2439620175029,0.0,0.9030096692539056,0.0,0.0,1.0,0.0,13.23901883195827,Legitimate
379.29016735295954,1.502886315767741,1465.9701873795445,2.499224448596461,618.1547906198264,0.0,0.0,1.0,0.0,1.0,86.94649456874367,11.121840911784474,Legitimate
2560.854818709085,7.633341509338765,755.6633220811775,4.382174470176058,427.43133019617403,80.2372064198119,0.0,0.0,1.0,0.0,0.0,0.5627743713356708,Legitimate
1976.3740277753373,8.604840733828352,94.51218303713853,6.343395919491223,380.6369382160741,0.0,0.0,0.0,0.0,1.0,0.0,19.189395557809345,Legitimate
2098.905333071816,7.470393206992747,521.792799194788,7.151719856261338,1.8608410488345726,0.0,0.3957498511435844,0.0,0.0,1.0,98.19198290757109,15.975125740674255,Legitimate
1347.1249752547865,5.539685485774473,1154.3583394611412,2.043987828650586,274.4681988362444,0.0,0.24743191077329474,1.0,1.0,0.0,50.535583523040785,3.9517553979271938,Legitimate
2200.425742881371,17.081193946081296,1818.8474439819506,5.880810185072672,410.73834653603257,0.0,5.044617301659225,0.0,1.0,1.0,0.0,22.214054994836907,Legitimate
1892.7676871481574,11.464003067177844,732.8866592454117,0.1704209327604529,461.01638118733786,0.0,0.7619724549633102,0.0,0.0,1.0,39.36519533440118,1.1172868180521291,Legitimate
1645.938464923002,7.453234837070905,160.13338619980993,4.376458099406002,593.6427691357105,100.0,0.0,1.0,0.0,1.0,100.0,18.4752959991662,Legitimate
745.3252804329247,7.495817433076553,413.0267888319231,2.7721978916763765,483.0618844542728,0.0,7.705036125283952,1.0,0.0,1.0,0.0,5.073565491847443,Legitimate
1896.5445283955544,2.760226485555694,634.3592636523342,3.8713056649147237,503.3089576048367,0.0,2.8256422837085515,1.0,1.0,1.0,0.0,8.262768589229665,Legitimate
1642.4674866154817,0.7877772786633341,1026.9604557032267,0.36283636841770317,441.26127437708243,0.0,0.0,1.0,0.0,1.0,40.0003973058791,22.852046808891927,Legitimate
3690.447918319944,4.520640101516148,104.60726524158997,13.3676840278126,604.9905605933873,0.0,7.474011504588926,0.0,1.0,0.0,0.0,19.721019692290355,Fraud
129.57457671740667,6.5221348993050565,302.547482021973,3.7913675634526163,113.58723219589558,20.674559131809062,1.2185012718186337,1.0,0.0,1.0,4.563762609948348,11.626696127484767,Legitimate
1868.2620187820148,1.5636313743657229,1201.7676659770887,10.225285031543386,800.059449894404,0.0,0.0,0.0,1.0,0.0,90.0473939447472,2.5685137030933305,Legitimate
